family,variant,cfg,arm,floor,fold,P,n_fit,fit_seconds,wape,mase,mase_median,mase_series,mase_excluded,mae,rmse,share_y_le_forecast,wape_low,wape_mid,wape_high
xgb,norm,"{""max_depth"": 6, ""min_child_weight"": 30}",all,0.017857142857142856,F1,7,266571,1.7,0.5513273028294442,1.1095547577051517,1.0490256269311766,298,2,5.0836971715065005,9.582342484893706,0.7744444444444445,0.8279437190874778,0.5876932786699476,0.515284844900564
xgb,norm,"{""max_depth"": 6, ""min_child_weight"": 30}",all,0.03571428571428571,F1,7,266571,1.7,0.44907718395908336,0.9402029022306527,0.8478534956009299,298,2,4.140865867089381,7.699923455149464,0.6916666666666667,0.7485295952121962,0.5030608184952404,0.4058955324512642
xgb,norm,"{""max_depth"": 6, ""min_child_weight"": 30}",all,0.07142857142857142,F1,7,266571,2.3,0.3968267013763465,0.8535263211401032,0.7707077643685594,298,2,3.6590728756077286,6.6947069897138345,0.615,0.711431155897429,0.4553907714889921,0.35093336934277547
xgb,norm,"{""max_depth"": 6, ""min_child_weight"": 30}",all,0.017857142857142856,F1,10,265671,1.5,0.5990746536987999,1.2552255717001586,1.180445675821993,298,2,7.622892149065173,14.413235531469228,0.8208333333333333,0.8472396801866997,0.6205171077259592,0.5703390354126909
xgb,norm,"{""max_depth"": 6, ""min_child_weight"": 30}",all,0.03571428571428571,F1,10,265671,1.5,0.46580810973061115,1.0182225978006203,0.9330181329719542,298,2,5.927149414038843,11.268857081313033,0.7488888888888889,0.743838351984151,0.5039914061848711,0.42962296786299364
xgb,norm,"{""max_depth"": 6, ""min_child_weight"": 30}",all,0.07142857142857142,F1,10,265671,2.5,0.38693541193289305,0.8890216454239603,0.7577567291359687,298,2,4.923538152728323,9.877433611201784,0.6277777777777778,0.7102529138259852,0.43495857545504885,0.34383575477348427
xgb,norm,"{""max_depth"": 6, ""min_child_weight"": 30}",all,0.017857142857142856,F1,14,264471,2.1,0.36556810895762937,0.9379230995189065,0.8463390332688359,298,2,6.696293835831376,12.507957520474404,0.6675,0.5866797916559713,0.40813626337774067,0.33277504337926533
xgb,norm,"{""max_depth"": 6, ""min_child_weight"": 30}",all,0.03571428571428571,F1,14,264471,2.6,0.3589917431479358,0.9190103349166535,0.803460066862898,298,2,6.575831255112314,13.28355806899867,0.6188888888888889,0.5847832677856536,0.39807902353046665,0.32675089832315907
xgb,norm,"{""max_depth"": 6, ""min_child_weight"": 30}",all,0.07142857142857142,F1,14,264471,2.4,0.3572007967092314,0.9264548815932123,0.8087533174416855,298,2,6.543025593721346,13.63703327322838,0.6141666666666666,0.5857944809842985,0.3976944964178555,0.32429778404109716
xgb,norm,"{""max_depth"": 6, ""min_child_weight"": 30}",all,0.017857142857142856,F2,7,291771,1.5,0.6306759009925801,1.2472266170810495,1.097123546025577,298,2,5.79678746887319,12.445038494135117,0.79,0.9540750577998695,0.7175213573096744,0.5786510682247168
xgb,norm,"{""max_depth"": 6, ""min_child_weight"": 30}",all,0.03571428571428571,F2,7,291771,1.9,0.4641611864518662,0.9801634840095067,0.8343749843931382,298,2,4.266285971807167,10.39535782607221,0.6752777777777778,0.8221016043825602,0.5668323521126162,0.40487261323873697
xgb,norm,"{""max_depth"": 6, ""min_child_weight"": 30}",all,0.07142857142857142,F2,7,291771,2.0,0.4406452855948946,0.9392375839319448,0.7870765623320046,298,2,4.050142181958185,10.160929417402922,0.6422222222222222,0.7902290920998128,0.5415757136232401,0.38256984423875706
xgb,norm,"{""max_depth"": 6, ""min_child_weight"": 30}",all,0.017857142857142856,F2,10,290871,1.7,0.6074374206567945,1.2931639320724997,1.1447692469038886,298,2,7.763387701227532,15.892656092791366,0.8097222222222222,0.9194773047581798,0.686518252197793,0.5587633003765843
xgb,norm,"{""max_depth"": 6, ""min_child_weight"": 30}",all,0.03571428571428571,F2,10,290871,1.7,0.4824431685838375,1.0637974558962313,0.9136467947642244,298,2,6.16589171848399,13.485265972921411,0.7305555555555555,0.8083989201956672,0.5642666061787717,0.4318024800133992
xgb,norm,"{""max_depth"": 6, ""min_child_weight"": 30}",all,0.07142857142857142,F2,10,290871,2.1,0.4056853232857693,0.9206473906390791,0.7533004539043078,298,2,5.18488381232729,12.102170052624498,0.6541666666666667,0.7297307511424979,0.49042619691861816,0.35445711102503613
xgb,norm,"{""max_depth"": 6, ""min_child_weight"": 30}",all,0.017857142857142856,F2,14,289671,1.7,0.6629057811792546,1.562407767065911,1.4177129180277444,298,2,12.186049663022418,24.719208969438576,0.8316666666666667,0.9130627146530974,0.7171592033068998,0.6260229509377327
xgb,norm,"{""max_depth"": 6, ""min_child_weight"": 30}",all,0.03571428571428571,F2,14,289671,1.8,0.47705471966278334,1.1701462038065495,1.0028931187928831,298,2,8.76959089940102,19.578759982906615,0.7483333333333333,0.7475848050095346,0.5383128539324373,0.4364919732076906
xgb,norm,"{""max_depth"": 6, ""min_child_weight"": 30}",all,0.07142857142857142,F2,14,289671,1.7,0.40101381160021043,1.008467693658164,0.8264800347330725,298,2,7.371747784466312,17.703542311229178,0.6708333333333333,0.668272736483521,0.4638349887737774,0.3603392611661748
xgb,norm,"{""max_depth"": 6, ""min_child_weight"": 30}",all,0.017857142857142856,F3,7,323271,1.7,0.599261891959442,1.1985868637770378,1.0561439110867734,299,1,5.272006494513191,10.443480448897377,0.7622222222222222,0.9511483733369469,0.6372987248035676,0.5545524847170828
xgb,norm,"{""max_depth"": 6, ""min_child_weight"": 30}",all,0.03571428571428571,F3,7,323271,1.7,0.4977898870138828,1.031012313536543,0.900937293761013,299,1,4.379306531004635,8.742448378177397,0.6933333333333334,0.8529184078917078,0.5572144536883824,0.44645085414713015
xgb,norm,"{""max_depth"": 6, ""min_child_weight"": 30}",all,0.07142857142857142,F3,7,323271,1.7,0.4472457551062699,0.9466695775607392,0.8228158547532785,299,1,3.9346445305474096,7.886932239728493,0.6297222222222222,0.8002572514416038,0.514562493658718,0.3937754877725183
xgb,norm,"{""max_depth"": 6, ""min_child_weight"": 30}",all,0.017857142857142856,F3,10,322371,1.8,0.6718751019563777,1.4177981456784017,1.2356269776377462,299,1,8.223191352027767,16.33404242122307,0.8125,1.0294747638582535,0.6812574304814477,0.6359660868788044
xgb,norm,"{""max_depth"": 6, ""min_child_weight"": 30}",all,0.03571428571428571,F3,10,322371,1.8,0.5075420991739298,1.1129021737856617,0.956336965712796,299,1,6.211892342139589,12.644277310132546,0.7397222222222222,0.8654971705712566,0.5403347886752979,0.46468082171742914
xgb,norm,"{""max_depth"": 6, ""min_child_weight"": 30}",all,0.07142857142857142,F3,10,322371,1.8,0.4219642436553915,0.952647532154362,0.8217194094260533,299,1,5.164490705472279,10.731490542843705,0.655,0.7656498485565694,0.4662680710579759,0.3770228917262819
xgb,norm,"{""max_depth"": 6, ""min_child_weight"": 30}",all,0.017857142857142856,F3,14,321171,1.8,0.6533227748392315,1.5838429586290506,1.357359631751759,299,1,11.580327662573945,22.692961325073714,0.8186111111111111,0.9523542618588897,0.652507731353233,0.6251538064928773
xgb,norm,"{""max_depth"": 6, ""min_child_weight"": 30}",all,0.03571428571428571,F3,14,321171,1.9,0.4191572384464749,1.081970829284684,0.9692133739271158,299,1,7.429678484030003,14.944971911305748,0.6919444444444445,0.726373610509528,0.4495780440022852,0.3809402951140598
xgb,norm,"{""max_depth"": 6, ""min_child_weight"": 30}",all,0.07142857142857142,F3,14,321171,1.8,0.396371166749799,1.0282527466534799,0.9090778080378246,299,1,7.025789033742062,14.26022856644768,0.6536111111111111,0.6904539677283308,0.43301877106605824,0.35755401806296805
xgb,norm,"{""max_depth"": 6, ""min_child_weight"": 30}",all,0.017857142857142856,F4,7,348471,2.6,0.422091241257096,1.2773980219579653,0.8343861044347266,300,0,3.868817968822333,7.769770984446527,0.6244444444444445,0.6430700010939762,0.4589086951398427,0.38472843420816366
xgb,norm,"{""max_depth"": 6, ""min_child_weight"": 30}",all,0.03571428571428571,F4,7,348471,2.6,0.4122419713450841,1.283373595259125,0.8141165397051409,300,0,3.778541202353817,7.5783624051343965,0.6033333333333334,0.6335041195222488,0.4496131442858524,0.3746743691012251
xgb,norm,"{""max_depth"": 6, ""min_child_weight"": 30}",all,0.07142857142857142,F4,7,348471,4.7,0.4100764962661708,1.3282631532563334,0.790595956167099,300,0,3.7586928186930106,7.359426572853937,0.5791666666666667,0.6289182978409801,0.4457976964930985,0.37330427101088487
xgb,norm,"{""max_depth"": 6, ""min_child_weight"": 30}",all,0.017857142857142856,F4,10,347571,6.6,0.3950466244549732,1.5840820883944688,0.7780042428574849,300,0,4.997998210396169,10.272020955592888,0.5841666666666666,0.5551207015803069,0.42069906386300965,0.36812081475652625
xgb,norm,"{""max_depth"": 6, ""min_child_weight"": 30}",all,0.03571428571428571,F4,10,347571,3.1,0.3920675067313027,1.4484812290980376,0.7752507412793082,300,0,4.960307405995531,10.373378960018838,0.6013888888888889,0.5497308706718016,0.4182927143011641,0.3652524794408597
xgb,norm,"{""max_depth"": 6, ""min_child_weight"": 30}",all,0.07142857142857142,F4,10,347571,5.5,0.3873205579861968,1.513902080492658,0.7610505988905913,300,0,4.9002505927887,10.11144323443995,0.5713888888888888,0.5417571994247765,0.4130142922027133,0.36105271134337596
xgb,norm,"{""max_depth"": 6, ""min_child_weight"": 30}",all,0.017857142857142856,F4,14,346371,5.1,0.3780446187754256,1.8639216229099476,0.831977717060598,300,0,6.922942081324981,15.074477927602896,0.5708333333333333,0.4959008101404193,0.3818985449692792,0.3627623323243053
xgb,norm,"{""max_depth"": 6, ""min_child_weight"": 30}",all,0.03571428571428571,F4,14,346371,3.0,0.3716592471873197,1.8051463188844044,0.8142004159522795,300,0,6.806009964117792,14.719183553884646,0.5830555555555555,0.5025780047082808,0.38015300280158815,0.3533801225426267
xgb,norm,"{""max_depth"": 6, ""min_child_weight"": 30}",all,0.07142857142857142,F4,14,346371,5.6,0.3669645226363857,1.845818431870748,0.8147068581662392,300,0,6.720037820778813,14.303475159660264,0.5622222222222222,0.4942316827439326,0.3777078518479326,0.34842614415593115
lr,raw,{},all,,F1,7,266571,2.6,0.39297186817905766,0.8731430794730468,0.786478395392811,298,2,3.623528101167728,6.410257769352097,0.5986111111111111,0.7242439566602514,0.46642063591064126,0.34129061958430296
lr,norm,{},all,0.07142857142857142,F1,7,266571,2.4,0.49585782418659596,1.014365338351918,0.8416145996229754,298,2,4.5722223538539035,9.041649794278404,0.62,0.7343702954045833,0.5259440432247704,0.46514211879966705
rf,raw,"{""max_depth"": 10, ""min_samples_leaf"": 60}",all,,F1,7,266571,1.6,0.37521311050174677,0.8212206808288797,0.7393060243807117,298,2,3.4597775564181896,6.311741727663621,0.6063888888888889,0.6913585793470433,0.4405753521200333,0.3272400117935685
rf,raw,"{""max_depth"": 10, ""min_samples_leaf"": 20}",all,,F1,7,266571,1.6,0.37384645633364205,0.8191667324813939,0.7318679971600959,298,2,3.447175866109791,6.277615010203864,0.6061111111111112,0.6895109858231175,0.4408661569537311,0.3254458264040227
rf,raw,"{""max_depth"": 16, ""min_samples_leaf"": 60}",all,,F1,7,266571,1.7,0.37605334318723344,0.8215832278250647,0.7391791170916036,298,2,3.4675252019722818,6.331075184353011,0.6036111111111111,0.6897039425095689,0.441256496263855,0.3283572016830418
rf,raw,"{""max_depth"": 16, ""min_samples_leaf"": 20}",all,,F1,7,266571,1.7,0.3757446975605445,0.8236602951589009,0.7432457764518321,298,2,3.4646792320895208,6.288041099736438,0.6047222222222223,0.6958542342960292,0.44344172438560664,0.32673841276746296
rf,norm,"{""max_depth"": 10, ""min_samples_leaf"": 60}",all,0.07142857142857142,F1,7,266571,1.7,0.39041528610333753,0.8455331702807661,0.7630719669084869,298,2,3.5999542839445247,6.533057395731238,0.6166666666666667,0.7014159150946082,0.4520812104924005,0.3439728808547278
rf,norm,"{""max_depth"": 10, ""min_samples_leaf"": 20}",all,0.07142857142857142,F1,7,266571,1.8,0.3967497414812658,0.8515380887072789,0.764891042310991,298,2,3.6583632412418385,6.667089925243902,0.6208333333333333,0.6988873496340642,0.4537878619480587,0.35244860890378277
rf,norm,"{""max_depth"": 16, ""min_samples_leaf"": 60}",all,0.07142857142857142,F1,7,266571,2.1,0.38582837698576344,0.8369215788288665,0.7640805982582386,298,2,3.557659159456227,6.44633404426872,0.6158333333333333,0.6960861313363708,0.44878995314732956,0.3390858329808121
rf,norm,"{""max_depth"": 16, ""min_samples_leaf"": 20}",all,0.07142857142857142,F1,7,266571,2.2,0.3867210201234397,0.8350885773798654,0.7541671484504021,298,2,3.5658900730548835,6.448282732305128,0.6133333333333333,0.6889933507625421,0.44756468625283463,0.34132323943315007
xgb,raw,"{""max_depth"": 3, ""min_child_weight"": 30}",all,,F1,7,266571,5.1,0.3855743662638376,0.8562201467470831,0.7648227534088679,298,2,3.5553169689244695,6.391368369191879,0.6080555555555556,0.7338422607858638,0.45033921235803265,0.33478905939755027
xgb,raw,"{""max_depth"": 3, ""min_child_weight"": 5}",all,,F1,7,266571,4.8,0.38604745409865393,0.8573142947405955,0.7704595189986863,298,2,3.5596792330013383,6.401199629705166,0.6127777777777778,0.7349043319440602,0.45236571097967926,0.3347649210625648
xgb,raw,"{""max_depth"": 6, ""min_child_weight"": 30}",all,,F1,7,266571,3.9,0.3823561666331066,0.8367371973041613,0.7536352403199762,298,2,3.5256424864961042,6.438807945736794,0.6105555555555555,0.7108556912528333,0.4444832780153115,0.33415769692688174
xgb,raw,"{""max_depth"": 6, ""min_child_weight"": 5}",all,,F1,7,266571,3.6,0.38067967215832643,0.8332980817857073,0.7501729465829455,298,2,3.510183810359902,6.406187504415582,0.6111111111111112,0.7063697772096404,0.44449962848376284,0.33225977736221185
xgb,norm,"{""max_depth"": 3, ""min_child_weight"": 30}",all,0.07142857142857142,F1,7,266571,3.2,0.421109860810237,0.8826700511490663,0.7940347678923558,298,2,3.882983841554394,7.778701348203199,0.6163888888888889,0.7134694547305156,0.45950822740801595,0.38302673638395596
xgb,norm,"{""max_depth"": 3, ""min_child_weight"": 5}",all,0.07142857142857142,F1,7,266571,2.1,0.4118705316610901,0.8785376642045082,0.7891517224409776,298,2,3.7977895273583018,7.175744173970115,0.6183333333333333,0.7239385898358256,0.4611158805309343,0.368867447043364
xgb,norm,"{""max_depth"": 6, ""min_child_weight"": 5}",all,0.07142857142857142,F1,7,266571,1.7,0.42217057138831543,0.8986125289802696,0.8107806815416732,298,2,3.8927644770097585,7.189675374350833,0.6527777777777778,0.7311923375559709,0.48028201461031056,0.3769245085845958
lr,raw,{},all,,F1,10,265671,2.6,0.3631494043240343,0.8623634255160979,0.7745335003200831,298,2,4.6208744203542675,8.520049987633366,0.5519444444444445,0.6823358296421085,0.42522208567372666,0.31646736968948774
lr,norm,{},all,0.07142857142857142,F1,10,265671,2.5,0.5264861496858455,1.086360364648565,0.8569351840325085,298,2,6.699243762447003,13.482225696107495,0.6177777777777778,0.699157972228755,0.5239747647860117,0.5114052941297946
rf,raw,"{""max_depth"": 10, ""min_samples_leaf"": 60}",all,,F1,10,265671,1.6,0.3553924928945586,0.8274309119583797,0.7357149778254864,298,2,4.522172031809427,8.464229005493175,0.6338888888888888,0.6646354101686005,0.4102018476347447,0.3116669727196858
rf,raw,"{""max_depth"": 10, ""min_samples_leaf"": 20}",all,,F1,10,265671,1.5,0.35251201528642284,0.8260849000930461,0.7274333800402473,298,2,4.485519554511239,8.35137106766168,0.6325,0.6686786656463996,0.4088829462655186,0.3077132451502139
rf,raw,"{""max_depth"": 16, ""min_samples_leaf"": 60}",all,,F1,10,265671,1.5,0.3545214217678465,0.8230113024594821,0.729146294257989,298,2,4.51108813565042,8.452671056708818,0.6308333333333334,0.6594940537811776,0.4084250991234614,0.3114416489492186
rf,raw,"{""max_depth"": 16, ""min_samples_leaf"": 20}",all,,F1,10,265671,1.7,0.35191346736905377,0.8180286951109725,0.7305531968439465,298,2,4.477903364789338,8.330828454149337,0.6258333333333334,0.6575849844531517,0.4073698611450665,0.30833212843786995
rf,norm,"{""max_depth"": 10, ""min_samples_leaf"": 60}",all,0.07142857142857142,F1,10,265671,1.8,0.36761329211523547,0.8514428006676784,0.7477073013532042,298,2,4.677674912559641,8.711041553666542,0.6322222222222222,0.6771718753904113,0.41974503788716716,0.3246136412956831
rf,norm,"{""max_depth"": 10, ""min_samples_leaf"": 20}",all,0.07142857142857142,F1,10,265671,1.8,0.3687963179374115,0.849813103779565,0.7476046936072531,298,2,4.692728258910263,8.768926718467103,0.6327777777777778,0.6749943165609542,0.419676998771614,0.3264565872441337
rf,norm,"{""max_depth"": 16, ""min_samples_leaf"": 60}",all,0.07142857142857142,F1,10,265671,1.8,0.361869766538597,0.8385674403778209,0.7376204708947844,298,2,4.604591740444458,8.532752096855004,0.6277777777777778,0.6661132040296581,0.41503170733502975,0.31906574172399693
rf,norm,"{""max_depth"": 16, ""min_samples_leaf"": 20}",all,0.07142857142857142,F1,10,265671,2.1,0.3684306844961078,0.8482377036386282,0.7418193297668044,298,2,4.688075776499362,8.73548732465075,0.6305555555555555,0.6694641544023944,0.4177585518348487,0.3270008760078893
xgb,raw,"{""max_depth"": 3, ""min_child_weight"": 30}",all,,F1,10,265671,5.6,0.35472779244511743,0.8284343975063516,0.7537781769418342,298,2,4.513714087868316,8.439821298830816,0.5936111111111111,0.6657019979347948,0.4042102180839764,0.3123454596534137
xgb,raw,"{""max_depth"": 3, ""min_child_weight"": 5}",all,,F1,10,265671,5.7,0.3553772712445937,0.8271148075624404,0.7523455503570541,298,2,4.521978344770097,8.482372308196013,0.5958333333333333,0.6648214112051197,0.4044515857885286,0.3132498779054139
xgb,raw,"{""max_depth"": 6, ""min_child_weight"": 30}",all,,F1,10,265671,2.5,0.3699141476294231,0.9055208379399761,0.8105327655931114,298,2,4.706952020724614,8.517965979875473,0.6602777777777777,0.7901583821656274,0.4243299933449559,0.3161498264652288
xgb,raw,"{""max_depth"": 6, ""min_child_weight"": 5}",all,,F1,10,265671,3.6,0.35790647091516403,0.8297578479353012,0.731892097986483,298,2,4.554161005467177,8.493316638827533,0.6122222222222222,0.6684863238451911,0.4085628974757228,0.3152292831840525
xgb,norm,"{""max_depth"": 3, ""min_child_weight"": 30}",all,0.07142857142857142,F1,10,265671,2.4,0.3997745336989022,0.8907326232613318,0.7941008921891473,298,2,5.0869088443553645,10.695264841833731,0.6375,0.692701887211967,0.430202616307735,0.36441318159124253
xgb,norm,"{""max_depth"": 3, ""min_child_weight"": 5}",all,0.07142857142857142,F1,10,265671,2.0,0.3909729848368716,0.8835159958330056,0.7703626664828572,298,2,4.9749140248353925,9.71578685997382,0.6452777777777777,0.6944712576044764,0.4280021698531285,0.352784409184394
xgb,norm,"{""max_depth"": 6, ""min_child_weight"": 5}",all,0.07142857142857142,F1,10,265671,1.6,0.4221971911070296,0.9403315317533538,0.8639840030876051,298,2,5.372224702841892,10.497339431100157,0.6997222222222222,0.7089796989714091,0.4643729596372897,0.38408640969715246
lr,raw,{},all,,F1,14,264471,2.5,0.3377269753972076,0.9226399046217952,0.8176401405848235,298,2,6.18631387183835,11.230636531633436,0.5691666666666667,0.6092968782830842,0.3945100875972483,0.2961703272857286
lr,norm,{},all,0.07142857142857142,F1,14,264471,2.4,0.5614005209116563,1.2426209047235863,0.9349562044131974,298,2,10.283454041799265,21.334263670352865,0.6069444444444444,0.6206086903923814,0.5166719121595884,0.5685831793373002
rf,raw,"{""max_depth"": 10, ""min_samples_leaf"": 60}",all,,F1,14,264471,1.5,0.3244733770233895,0.856580277238715,0.7752240307370006,298,2,5.943541083625938,11.126621911745374,0.6044444444444445,0.5617967341460138,0.37177178432159663,0.2888182669706493
rf,raw,"{""max_depth"": 10, ""min_samples_leaf"": 20}",all,,F1,14,264471,1.5,0.3239287744958825,0.857870517272523,0.7762918278122642,298,2,5.933565326828328,11.048341119426906,0.6094444444444445,0.5670541444470565,0.37118833593889844,0.2877419147722946
rf,raw,"{""max_depth"": 16, ""min_samples_leaf"": 60}",all,,F1,14,264471,1.6,0.3235274514462731,0.851788615135418,0.7706782030422927,298,2,5.926214091867108,11.142480845159383,0.6047222222222223,0.5574868874330304,0.3696211568241815,0.28852969115348404
rf,raw,"{""max_depth"": 16, ""min_samples_leaf"": 20}",all,,F1,14,264471,1.7,0.3231511159149623,0.8514581457407262,0.7775450067626197,298,2,5.919320565772322,11.042066941470328,0.6033333333333334,0.5593883891516006,0.3696957017136251,0.2878120159340611
rf,norm,"{""max_depth"": 10, ""min_samples_leaf"": 60}",all,0.07142857142857142,F1,14,264471,1.8,0.33854584200861876,0.8833768602438483,0.7999334542647303,298,2,6.201313460992874,11.586239640558338,0.6136111111111111,0.5660821019943186,0.38271500694450156,0.3046963729897434
rf,norm,"{""max_depth"": 10, ""min_samples_leaf"": 20}",all,0.07142857142857142,F1,14,264471,1.8,0.34749667392947403,0.8973861797981748,0.7989436879870209,298,2,6.365270324703141,12.014333740099271,0.6202777777777778,0.5767854008330481,0.38343445129602804,0.31582444076505084
rf,norm,"{""max_depth"": 16, ""min_samples_leaf"": 60}",all,0.07142857142857142,F1,14,264471,2.0,0.3332747375428565,0.8709485365934632,0.7830597272413897,298,2,6.104760004941274,11.350682763970902,0.6163888888888889,0.5643699427596844,0.37741988411306276,0.2990991482894281
rf,norm,"{""max_depth"": 16, ""min_samples_leaf"": 20}",all,0.07142857142857142,F1,14,264471,2.1,0.337955975815223,0.8827215968465488,0.7841399231022947,298,2,6.190508586995347,11.414558177112552,0.6166666666666667,0.5762229031317786,0.38074372146878993,0.30349552153276727
xgb,raw,"{""max_depth"": 3, ""min_child_weight"": 30}",all,,F1,14,264471,4.6,0.3314580147215373,0.8927187724999494,0.8049618894499109,298,2,6.071482184661759,11.251626881741652,0.6025,0.5973245727182473,0.3808998547384385,0.292522951204218
xgb,raw,"{""max_depth"": 3, ""min_child_weight"": 5}",all,,F1,14,264471,6.2,0.32946171210710007,0.8808358659346529,0.7929595676371763,298,2,6.034914911521805,11.207718995495025,0.5969444444444445,0.5831930882062182,0.37656205379764107,0.29232790954632887
xgb,raw,"{""max_depth"": 6, ""min_child_weight"": 30}",all,,F1,14,264471,2.9,0.33230821287628554,0.8822126438961067,0.7905263405759057,298,2,6.08705568936136,11.373713524902987,0.6166666666666667,0.591275821100635,0.376830502222378,0.29541779677953334
xgb,raw,"{""max_depth"": 6, ""min_child_weight"": 5}",all,,F1,14,264471,3.2,0.3291785085360166,0.8698815396788947,0.7728011501939651,298,2,6.029727330108484,11.242625411967255,0.61,0.5733226184363553,0.37825836612268965,0.29237861047654473
xgb,norm,"{""max_depth"": 3, ""min_child_weight"": 30}",all,0.07142857142857142,F1,14,264471,2.2,0.3769196003484539,0.9324056990436452,0.8165371784400519,298,2,6.904224779382804,15.799684533715725,0.6272222222222222,0.5757440636979595,0.39080179297775663,0.3543704906150263
xgb,norm,"{""max_depth"": 3, ""min_child_weight"": 5}",all,0.07142857142857142,F1,14,264471,1.6,0.35931229092763417,0.9289821044336161,0.8326937615070482,298,2,6.581702889066939,12.495253895383694,0.6444444444444445,0.5940938337033121,0.3966583682872866,0.3267256348635042
xgb,norm,"{""max_depth"": 6, ""min_child_weight"": 5}",all,0.07142857142857142,F1,14,264471,1.5,0.38034904554575627,0.9692658145866299,0.8787116649514615,298,2,6.967043641784391,13.287700676396843,0.6875,0.5999464490195441,0.42147869039899366,0.3481067893248898
lr,raw,{},all,,F2,7,291771,2.6,0.4251937933477327,0.912682000122506,0.7773699862077075,298,2,3.908121507800869,9.622416052371264,0.5947222222222223,0.7582844440817221,0.5247749150869558,0.3689689093179525
lr,norm,{},all,0.07142857142857142,F2,7,291771,2.8,0.5118266762177464,1.0102257798139864,0.8171610392711777,298,2,4.704398024824725,11.28762137928443,0.64,0.7706248755092829,0.554105465232351,0.47728814147421555
rf,raw,"{""max_depth"": 10, ""min_samples_leaf"": 60}",all,,F2,7,291771,1.6,0.41725810706789285,0.9006995078779262,0.7540152130296183,298,2,3.8351815291026408,9.600743557062485,0.6213888888888889,0.7636470077003211,0.5169122241188827,0.35980566150119275
rf,raw,"{""max_depth"": 10, ""min_samples_leaf"": 20}",all,,F2,7,291771,1.6,0.41386979406964847,0.8946218364917896,0.7470516941746626,298,2,3.8040382266584993,9.48519795670646,0.6222222222222222,0.7627893754803438,0.5125323476437347,0.3564457928036663
rf,raw,"{""max_depth"": 16, ""min_samples_leaf"": 60}",all,,F2,7,291771,1.6,0.4180578495279272,0.9006371929528675,0.744052438765493,298,2,3.8425322730637728,9.61115322575327,0.6211111111111111,0.7634169146736383,0.5167447909933396,0.3609510695810251
rf,raw,"{""max_depth"": 16, ""min_samples_leaf"": 20}",all,,F2,7,291771,1.7,0.4149279095366537,0.8979550866561112,0.7364480541121963,298,2,3.8137637774050925,9.52686336673892,0.6272222222222222,0.7626479480226828,0.5133221788576818,0.3576828448726462
rf,norm,"{""max_depth"": 10, ""min_samples_leaf"": 60}",all,0.07142857142857142,F2,7,291771,1.7,0.425934367752712,0.9147871016116961,0.7635101258181514,298,2,3.9149284151581907,10.006945945767919,0.6286111111111111,0.7759441083172022,0.5271718135711155,0.36774019977806743
rf,norm,"{""max_depth"": 10, ""min_samples_leaf"": 20}",all,0.07142857142857142,F2,7,291771,1.8,0.425690251206466,0.9130261036942295,0.7606841602567942,298,2,3.9126846450474315,9.965435172872283,0.6305555555555555,0.7729586421610909,0.5265161886004371,0.36785246676889827
rf,norm,"{""max_depth"": 16, ""min_samples_leaf"": 60}",all,0.07142857142857142,F2,7,291771,2.0,0.42180276869723565,0.9077323116372499,0.750895770291659,298,2,3.876953281506342,9.959835661221042,0.6297222222222222,0.7717475546500409,0.5200130583244271,0.36440347094548553
rf,norm,"{""max_depth"": 16, ""min_samples_leaf"": 20}",all,0.07142857142857142,F2,7,291771,2.2,0.4188116204977557,0.9078894915362271,0.7531585915696531,298,2,3.849460475180622,9.832307363464254,0.6316666666666667,0.7774455996856968,0.5186315565955464,0.36020313232501655
xgb,raw,"{""max_depth"": 3, ""min_child_weight"": 30}",all,,F2,7,291771,4.2,0.4185946549396249,0.9213633120326886,0.7737902727642079,298,2,3.847466260360347,9.679215517505584,0.6088888888888889,0.7962543613321326,0.5192890906199413,0.35802919969315067
xgb,raw,"{""max_depth"": 3, ""min_child_weight"": 5}",all,,F2,7,291771,4.7,0.4172372866553999,0.9153200024843747,0.7674281128492008,298,2,3.834990160594591,9.695605359523974,0.6069444444444444,0.7865060950196191,0.5166098790170583,0.3577789028596996
xgb,raw,"{""max_depth"": 6, ""min_child_weight"": 30}",all,,F2,7,291771,3.5,0.40987553444175,0.9013250806204622,0.7618391441952246,298,2,3.767325433095296,9.468911126519497,0.6216666666666667,0.7748167877920558,0.5077462578582046,0.35120186802730624
xgb,raw,"{""max_depth"": 6, ""min_child_weight"": 5}",all,,F2,7,291771,3.6,0.4118594487633031,0.9014915693297464,0.7635164877219943,298,2,3.785560361146927,9.555825648163738,0.6213888888888889,0.7732343741615166,0.5086994342432372,0.35377852909012236
xgb,norm,"{""max_depth"": 3, ""min_child_weight"": 30}",all,0.07142857142857142,F2,7,291771,2.3,0.4370945236448091,0.9288461131731957,0.7662106732923211,298,2,4.01750574802308,10.197034940516165,0.6283333333333333,0.779534576060975,0.5330310857468868,0.380969852673142
xgb,norm,"{""max_depth"": 3, ""min_child_weight"": 5}",all,0.07142857142857142,F2,7,291771,2.4,0.4388149197618508,0.9343406037560683,0.7656185289914405,298,2,4.033318577777744,10.216138072153004,0.6294444444444445,0.7854005316665474,0.5372587305087675,0.38166003911552365
xgb,norm,"{""max_depth"": 6, ""min_child_weight"": 5}",all,0.07142857142857142,F2,7,291771,1.9,0.4424186640273542,0.9425338148660818,0.7775135091005214,298,2,4.06644199277809,10.174777409142893,0.6433333333333333,0.793827158115992,0.5427038971681831,0.3843455532150007
lr,raw,{},all,,F2,10,290871,2.6,0.38966519391052634,0.8837804845681833,0.7657656384929736,298,2,4.98013765883981,11.524387570382588,0.5488888888888889,0.6861572736706844,0.4662780399096525,0.34303304667850537
lr,norm,{},all,0.07142857142857142,F2,10,290871,2.6,0.5202746505747776,1.045960606792832,0.8283443922057476,298,2,6.6493990758182,15.569382959381006,0.6186111111111111,0.6961970752044103,0.523111139869311,0.5037010076204856
rf,raw,"{""max_depth"": 10, ""min_samples_leaf"": 60}",all,,F2,10,290871,1.8,0.3833666625247576,0.8818573872362102,0.7245561279261935,298,2,4.899638928545582,11.48872054279379,0.6413888888888889,0.7015165558104623,0.4675916414801945,0.3328034222452993
rf,raw,"{""max_depth"": 10, ""min_samples_leaf"": 20}",all,,F2,10,290871,1.7,0.37918205697923607,0.8791926055013337,0.7251077817761882,298,2,4.846157344892959,11.334721992543386,0.6430555555555556,0.7060983045771265,0.4661459443371374,0.32711673216934806
rf,raw,"{""max_depth"": 16, ""min_samples_leaf"": 60}",all,,F2,10,290871,1.7,0.38320899015154425,0.8803230830943517,0.7316991998461451,298,2,4.897623788020153,11.510545160503034,0.6416666666666667,0.6998437986051611,0.4669309943366461,0.33291306274130467
rf,raw,"{""max_depth"": 16, ""min_samples_leaf"": 20}",all,,F2,10,290871,1.8,0.37827259153593673,0.8752024031571647,0.7280510800800335,298,2,4.834533871269014,11.37794988810239,0.6355555555555555,0.6997059033729918,0.4641601130764755,0.3269810033732029
rf,norm,"{""max_depth"": 10, ""min_samples_leaf"": 60}",all,0.07142857142857142,F2,10,290871,1.8,0.3978230485935485,0.8992300416828408,0.7260293061667816,298,2,5.084399573830324,12.363455764153388,0.645,0.7124283544250669,0.47687230253225166,0.348926228371626
rf,norm,"{""max_depth"": 10, ""min_samples_leaf"": 20}",all,0.07142857142857142,F2,10,290871,1.9,0.3991549118244726,0.9036574563937322,0.7221630893450712,298,2,5.101421525845551,12.553835141414288,0.6391666666666667,0.7093453837385468,0.47998388412673365,0.3501921799933593
rf,norm,"{""max_depth"": 16, ""min_samples_leaf"": 60}",all,0.07142857142857142,F2,10,290871,2.0,0.38770434625053474,0.8806977261906302,0.7120581917363684,298,2,4.955076936385306,12.015690060472169,0.6313888888888889,0.7007252158402144,0.4655218888150134,0.3392707886072842
rf,norm,"{""max_depth"": 16, ""min_samples_leaf"": 20}",all,0.07142857142857142,F2,10,290871,2.2,0.3877348021753655,0.8795735792330545,0.7147258586658454,298,2,4.955466180024602,12.114636673388821,0.635,0.6921770834911293,0.46495156903278,0.3402298217268956
xgb,raw,"{""max_depth"": 3, ""min_child_weight"": 30}",all,,F2,10,290871,5.1,0.37875221547268056,0.8775983847493568,0.7358932847088417,298,2,4.840663731638342,11.625626987681397,0.6030555555555556,0.696777074742014,0.461268802943903,0.32864496415202227
xgb,raw,"{""max_depth"": 3, ""min_child_weight"": 5}",all,,F2,10,290871,5.0,0.37860341204933123,0.8764236799086137,0.7374911175260195,298,2,4.83876194121937,11.644149871889557,0.6005555555555555,0.6945212748294005,0.45953049753470243,0.3290996016011255
xgb,raw,"{""max_depth"": 6, ""min_child_weight"": 30}",all,,F2,10,290871,3.3,0.3752771154250095,0.8788540872684221,0.7253921705712209,298,2,4.796250022417969,11.490782656023525,0.6258333333333334,0.7042814561198968,0.4585383862895385,0.32398771368522755
xgb,raw,"{""max_depth"": 6, ""min_child_weight"": 5}",all,,F2,10,290871,3.4,0.37952617940708905,0.8859341594714961,0.7319985870777488,298,2,4.850555420700047,11.51002510187966,0.6333333333333333,0.7137392479276518,0.4621610476441152,0.3279309937053608
xgb,norm,"{""max_depth"": 3, ""min_child_weight"": 30}",all,0.07142857142857142,F2,10,290871,2.6,0.4152098432876256,0.9333889515401107,0.741636580238038,298,2,5.306612469351015,13.938036998455093,0.6427777777777778,0.7147001068046929,0.4986986118700486,0.3665178579757089
xgb,norm,"{""max_depth"": 3, ""min_child_weight"": 5}",all,0.07142857142857142,F2,10,290871,2.5,0.4125033494195554,0.9281367793445591,0.7400563354391109,298,2,5.272021974109373,13.21667781415499,0.6477777777777778,0.7180989196259371,0.4933365623111111,0.3639531128049024
xgb,norm,"{""max_depth"": 6, ""min_child_weight"": 5}",all,0.07142857142857142,F2,10,290871,1.5,0.45946146873064375,1.0196150530332797,0.8635117807847829,298,2,5.872172826749144,13.095488749717248,0.6961111111111111,0.783283373246703,0.5393382584419374,0.40951961136880505
lr,raw,{},all,,F2,14,289671,2.7,0.37173327420169205,0.9580403132929572,0.8185215545087071,298,2,6.833490172255439,16.40835914462607,0.5569444444444445,0.6370728368665631,0.432488615573716,0.3317729621864549
lr,norm,{},all,0.07142857142857142,F2,14,289671,2.7,0.5692687895864702,1.2105503920910936,0.927495464997572,298,2,10.464741654792618,25.273701369764115,0.5911111111111111,0.6274280035629031,0.5153970111696569,0.5780752203733974
rf,raw,"{""max_depth"": 10, ""min_samples_leaf"": 60}",all,,F2,14,289671,1.6,0.35633342167913706,0.9174178847117849,0.759587052801936,298,2,6.550398105522759,16.21596726407711,0.6163888888888889,0.6146027327431264,0.41748856392992967,0.3169101440130411
rf,raw,"{""max_depth"": 10, ""min_samples_leaf"": 20}",all,,F2,14,289671,1.8,0.35294563761401637,0.9118388926789099,0.7624601168576872,298,2,6.488121223894549,16.034313881196837,0.6125,0.6203824918244103,0.4115436141487863,0.3133590212250102
rf,raw,"{""max_depth"": 16, ""min_samples_leaf"": 60}",all,,F2,14,289671,1.7,0.3566043486915373,0.9152727827872692,0.7654759608763195,298,2,6.55537849658571,16.228348393979324,0.6166666666666667,0.6126221017646851,0.41680390123939753,0.31763519916254945
rf,raw,"{""max_depth"": 16, ""min_samples_leaf"": 20}",all,,F2,14,289671,2.0,0.3534393214374598,0.9137963631949734,0.7775046796058105,298,2,6.497196503913393,16.00312070669892,0.6158333333333333,0.6181096169052632,0.4129146030242977,0.31387438722806704
rf,norm,"{""max_depth"": 10, ""min_samples_leaf"": 60}",all,0.07142857142857142,F2,14,289671,1.9,0.3688412138041758,0.9302214476511933,0.7717342390124136,298,2,6.780326068647985,16.996306903469264,0.6136111111111111,0.6169759539868183,0.42555596078772207,0.3314984086714556
rf,norm,"{""max_depth"": 10, ""min_samples_leaf"": 20}",all,0.07142857142857142,F2,14,289671,1.9,0.3703946967128282,0.9358810031866877,0.7657666148313458,298,2,6.808883399739318,17.42877669710537,0.6111111111111112,0.6183966589013933,0.42824724942232784,0.33276648115160334
rf,norm,"{""max_depth"": 16, ""min_samples_leaf"": 60}",all,0.07142857142857142,F2,14,289671,2.0,0.3641422004656414,0.9203382171373522,0.7605862254141756,298,2,6.693945150670894,16.96085382822416,0.6152777777777778,0.6113577653326095,0.4204553562850899,0.32698779009655043
rf,norm,"{""max_depth"": 16, ""min_samples_leaf"": 20}",all,0.07142857142857142,F2,14,289671,2.3,0.36054226974957854,0.9195603762387823,0.7638477052636756,298,2,6.627768424302113,16.490089660004273,0.6155555555555555,0.6138932623246972,0.41706962149719745,0.3227751326559394
xgb,raw,"{""max_depth"": 3, ""min_child_weight"": 30}",all,,F2,14,289671,3.9,0.3591453773445633,0.9436652541208623,0.793756899863034,298,2,6.602089661641253,16.30323280392677,0.5925,0.6539572265013411,0.41959763123403077,0.31658998503078406
xgb,raw,"{""max_depth"": 3, ""min_child_weight"": 5}",all,,F2,14,289671,3.6,0.3579537326349496,0.9455874971887278,0.7960509386959261,298,2,6.58018392175436,16.23668348556607,0.5969444444444445,0.6579478640621832,0.4195712015562665,0.3146234753402622
xgb,raw,"{""max_depth"": 6, ""min_child_weight"": 30}",all,,F2,14,289671,3.6,0.349543453158146,0.9118784905417504,0.7641359473380458,298,2,6.425579623083274,16.120087146656978,0.6036111111111111,0.6199949376756504,0.4061372205399591,0.3102072532400279
xgb,raw,"{""max_depth"": 6, ""min_child_weight"": 5}",all,,F2,14,289671,3.6,0.3498794728317403,0.9166104908448296,0.7699709352784705,298,2,6.431756598071919,15.938591217086465,0.6052777777777778,0.6243615250307224,0.40826797511438784,0.3097083380084361
xgb,norm,"{""max_depth"": 3, ""min_child_weight"": 30}",all,0.07142857142857142,F2,14,289671,2.5,0.3848336620653093,0.9626264074864271,0.7703268457714544,298,2,7.074311691155011,19.08492251459813,0.6147222222222222,0.625158283128989,0.4411846894917925,0.34829463550191475
xgb,norm,"{""max_depth"": 3, ""min_child_weight"": 5}",all,0.07142857142857142,F2,14,289671,2.2,0.3851396656247787,0.965771895099007,0.7724832572942718,298,2,7.079936886587946,18.731961366126857,0.6186111111111111,0.6328418407060157,0.4402309855263863,0.34826052710005884
xgb,norm,"{""max_depth"": 6, ""min_child_weight"": 5}",all,0.07142857142857142,F2,14,289671,1.8,0.40897035022348516,1.024324661763916,0.8525860843542075,298,2,7.5180110658582775,17.954738575755222,0.6825,0.6766096180777367,0.47080101143304487,0.36852023991501703
lr,raw,{},all,,F3,7,323271,2.9,0.4275825385714195,0.9135676087788819,0.7876410358644901,299,1,3.7616573830820625,7.158112443808289,0.5697222222222222,0.7575058303736733,0.49573349720263377,0.3760615957159533
lr,norm,{},all,0.07142857142857142,F3,7,323271,2.7,0.5040033714897804,1.0120199949461754,0.858929584173626,299,1,4.433969660681342,9.422138480246659,0.6019444444444444,0.7739455522433158,0.5470240071500518,0.4656145657401779
rf,raw,"{""max_depth"": 10, ""min_samples_leaf"": 60}",all,,F3,7,323271,1.5,0.41028740163571004,0.8846786226887181,0.745726403136093,299,1,3.609503415890159,7.1282752441463,0.5925,0.7671001392928487,0.47458596702066186,0.35734764430843
rf,raw,"{""max_depth"": 10, ""min_samples_leaf"": 20}",all,,F3,7,323271,1.7,0.40941134559086023,0.8824924907086397,0.7586277730268706,299,1,3.601796312835593,7.0976833642410275,0.5933333333333334,0.7659933606641894,0.47347345108193095,0.3565634191524116
rf,raw,"{""max_depth"": 16, ""min_samples_leaf"": 60}",all,,F3,7,323271,1.6,0.41123362636928656,0.8851396974346407,0.7542340607209383,299,1,3.6178278279837985,7.145067559604739,0.5897222222222223,0.7675256520542296,0.47485120117066465,0.3585446642360793
rf,raw,"{""max_depth"": 16, ""min_samples_leaf"": 20}",all,,F3,7,323271,1.9,0.4079664915075137,0.878414130067021,0.7482460567594243,299,1,3.5890852090373517,7.0748005075440865,0.5902777777777778,0.7607070080968211,0.47186077872152654,0.3555335238176059
rf,norm,"{""max_depth"": 10, ""min_samples_leaf"": 60}",all,0.07142857142857142,F3,7,323271,1.9,0.4154447535219607,0.8974134474300145,0.7747036050162813,299,1,3.654875219109449,7.255100540910032,0.5963888888888889,0.7852245670129778,0.48443367728294506,0.3598854524832003
rf,norm,"{""max_depth"": 10, ""min_samples_leaf"": 20}",all,0.07142857142857142,F3,7,323271,2.0,0.4179352986755224,0.8963767210273128,0.7677244382522188,299,1,3.6767857900979086,7.310774297900201,0.5947222222222223,0.7764565962403245,0.4854163928515126,0.3638924263024675
rf,norm,"{""max_depth"": 16, ""min_samples_leaf"": 60}",all,0.07142857142857142,F3,7,323271,2.1,0.4137997328315446,0.8910480231253667,0.7681485228425969,299,1,3.6404031495855134,7.227350036193749,0.5966666666666667,0.7844631284398208,0.47892434843833515,0.35929851642086424
rf,norm,"{""max_depth"": 16, ""min_samples_leaf"": 20}",all,0.07142857142857142,F3,7,323271,2.4,0.41579069724522033,0.8894788054440191,0.7630915644025623,299,1,3.657918659014826,7.230784881537269,0.5991666666666666,0.774851954075276,0.4773327103081788,0.3634518032335985
xgb,raw,"{""max_depth"": 3, ""min_child_weight"": 30}",all,,F3,7,323271,4.4,0.4211079117146769,0.9220041200031539,0.7868915155306777,299,1,3.7046968533098696,7.179768010147896,0.5991666666666666,0.8217836297560046,0.48604382231196186,0.36380804258725785
xgb,raw,"{""max_depth"": 3, ""min_child_weight"": 5}",all,,F3,7,323271,5.3,0.4201755175079817,0.9195313775620416,0.7870439336698717,299,1,3.696494115276469,7.12917437536376,0.5980555555555556,0.8209055490853714,0.4855272979752976,0.3627475697288419
xgb,raw,"{""max_depth"": 6, ""min_child_weight"": 30}",all,,F3,7,323271,3.8,0.41550990849651487,0.8985974081925505,0.7774078318222319,299,1,3.6554484199980894,7.111829749021231,0.6005555555555555,0.7927357683496572,0.478398245088662,0.36104549266953456
xgb,raw,"{""max_depth"": 6, ""min_child_weight"": 5}",all,,F3,7,323271,3.6,0.4207013407240148,0.9042733080534548,0.7670744645686816,299,1,3.7011200450195205,7.292153563374109,0.6036111111111111,0.7917067296837396,0.47823368071128347,0.36841154301868995
xgb,norm,"{""max_depth"": 3, ""min_child_weight"": 30}",all,0.07142857142857142,F3,7,323271,1.8,0.4365336993716638,0.934726257088527,0.8150559554769169,299,1,3.840405220222212,7.680447476920244,0.6088888888888889,0.8031961804156995,0.5051100917812691,0.3813928092667005
xgb,norm,"{""max_depth"": 3, ""min_child_weight"": 5}",all,0.07142857142857142,F3,7,323271,1.8,0.439841805432353,0.9394202943565322,0.8106218859188983,299,1,3.869508283291126,7.736255456165077,0.6163888888888889,0.8045989185550819,0.5081825807045969,0.3849517700682841
xgb,norm,"{""max_depth"": 6, ""min_child_weight"": 5}",all,0.07142857142857142,F3,7,323271,1.9,0.4402509837176097,0.9365686495884135,0.8095252904065421,299,1,3.873108029255671,7.724086524761668,0.6216666666666667,0.7990043351035893,0.5065755931064291,0.3865278474702147
lr,raw,{},all,,F3,10,322371,2.9,0.39592093758454533,0.9076274839822387,0.7731351850129095,299,1,4.845742341920181,9.669701546671263,0.49916666666666665,0.6974459628493133,0.44335709230606746,0.3539604578357732
lr,norm,{},all,0.07142857142857142,F3,10,322371,2.9,0.5168594432434669,1.0736138886072484,0.8632808135014693,299,1,6.325928869097331,14.066193791434063,0.5911111111111111,0.7076545746339935,0.5249264655667513,0.4967956347481056
rf,raw,"{""max_depth"": 10, ""min_samples_leaf"": 60}",all,,F3,10,322371,1.6,0.38207942624114016,0.8746195780492845,0.7352029400840286,299,1,4.676333777669688,9.681401094201041,0.6083333333333333,0.7126361323803835,0.41867100736050517,0.34063410990362863
rf,raw,"{""max_depth"": 10, ""min_samples_leaf"": 20}",all,,F3,10,322371,1.7,0.3799000645855887,0.8717107482770258,0.7427129076934418,299,1,4.649660207140451,9.588730204583578,0.6066666666666667,0.7140376239600758,0.41792025375926706,0.33770068978617346
rf,raw,"{""max_depth"": 16, ""min_samples_leaf"": 60}",all,,F3,10,322371,1.6,0.38157297416530755,0.8725378728351406,0.7401887949900228,299,1,4.670135226304893,9.665413186271396,0.6069444444444444,0.7093473316074542,0.41811565272282153,0.34039992987325696
rf,raw,"{""max_depth"": 16, ""min_samples_leaf"": 20}",all,,F3,10,322371,1.9,0.37946982120150663,0.8662716944035465,0.732721544542984,299,1,4.64439438665544,9.579939602347663,0.605,0.7074493354446957,0.4152499609916616,0.33850314793641756
rf,norm,"{""max_depth"": 10, ""min_samples_leaf"": 60}",all,0.07142857142857142,F3,10,322371,2.1,0.38871183461042175,0.8906052005939286,0.7564805256943354,299,1,4.757508929102721,9.895973575432867,0.6080555555555556,0.7366269378203565,0.42998185008624634,0.3442752633977455
rf,norm,"{""max_depth"": 10, ""min_samples_leaf"": 20}",all,0.07142857142857142,F3,10,322371,2.0,0.38860494891392855,0.888302174922294,0.7656862836901909,299,1,4.756200737249057,9.9431918297104,0.6055555555555555,0.7281487918276457,0.4281929279097251,0.345441230051683
rf,norm,"{""max_depth"": 16, ""min_samples_leaf"": 60}",all,0.07142857142857142,F3,10,322371,2.2,0.38460539181889003,0.880005473842511,0.7547227054973531,299,1,4.707249491370031,9.816066231366818,0.5997222222222223,0.7284194346330662,0.4243952693902476,0.3409863130384181
rf,norm,"{""max_depth"": 16, ""min_samples_leaf"": 20}",all,0.07142857142857142,F3,10,322371,2.3,0.384517101240681,0.8754497054383065,0.7508507763844725,299,1,4.706168888268235,9.836746432818538,0.5991666666666666,0.7191677154668572,0.41943697008556335,0.3431865380196273
xgb,raw,"{""max_depth"": 3, ""min_child_weight"": 30}",all,,F3,10,322371,5.8,0.3843518470092001,0.8863003030596925,0.758599764242911,299,1,4.704146314186769,9.601739154392975,0.5733333333333334,0.7215706788507581,0.42921377318638143,0.3398447638019737
xgb,raw,"{""max_depth"": 3, ""min_child_weight"": 5}",all,,F3,10,322371,5.4,0.38616829674820913,0.8889189775582673,0.7613070991026821,299,1,4.726378145284123,9.67727442679189,0.5727777777777778,0.7226375437682683,0.4297023137080086,0.3421231576894526
xgb,raw,"{""max_depth"": 6, ""min_child_weight"": 30}",all,,F3,10,322371,3.9,0.38546167096560086,0.8794492422266733,0.7466752520222627,299,1,4.7177296345598165,9.675815640053482,0.5972222222222222,0.7162059826009414,0.41872077256476065,0.3449839415909749
xgb,raw,"{""max_depth"": 6, ""min_child_weight"": 5}",all,,F3,10,322371,3.7,0.38689970810661567,0.8880978017468606,0.7521868584135458,299,1,4.735330010801554,9.64348040403317,0.6086111111111111,0.7413043497533711,0.4203519353085319,0.34417248310065196
xgb,norm,"{""max_depth"": 3, ""min_child_weight"": 30}",all,0.07142857142857142,F3,10,322371,2.0,0.40913208486910013,0.930070444854507,0.8078707162697149,299,1,5.007435775393728,10.427594476025536,0.6188888888888889,0.7570881639363337,0.448750758358114,0.3651797988948358
xgb,norm,"{""max_depth"": 3, ""min_child_weight"": 5}",all,0.07142857142857142,F3,10,322371,1.7,0.42933795848009637,0.9661911611560279,0.8393929211732977,299,1,5.254738830164313,10.918300254360862,0.6544444444444445,0.7735151354821064,0.47147462032726883,0.3849915990374158
xgb,norm,"{""max_depth"": 6, ""min_child_weight"": 5}",all,0.07142857142857142,F3,10,322371,1.8,0.4221684138070101,0.9517858832052445,0.8230918444987648,299,1,5.166989577986297,10.713641629603636,0.6508333333333334,0.7643588972598464,0.46406547904818257,0.3780769622533307
lr,raw,{},all,,F3,14,321171,2.9,0.3582744822942404,0.9480283127761827,0.8224639831728126,299,1,6.350514719354938,12.39557809623236,0.5263888888888889,0.6230557086036352,0.39126852380881594,0.3233255871473954
lr,norm,{},all,0.07142857142857142,F3,14,321171,2.7,0.5435850652750246,1.2378226577952356,0.9743766909337874,299,1,9.635196277851277,21.426015567760604,0.58,0.6355202333502239,0.505406088076557,0.5461812908596516
rf,raw,"{""max_depth"": 10, ""min_samples_leaf"": 60}",all,,F3,14,321171,1.6,0.34366087966769104,0.8998269893983659,0.7633936267741118,299,1,6.091484553465286,12.397842102693613,0.5697222222222222,0.6164250358535542,0.3703751986458788,0.30981725720473036
rf,raw,"{""max_depth"": 10, ""min_samples_leaf"": 20}",all,,F3,14,321171,1.6,0.34275043068551175,0.8968147377254506,0.7618207883905224,299,1,6.0753465923536645,12.27805893760229,0.5675,0.6139291679481574,0.36815092806941674,0.3094473608150948
rf,raw,"{""max_depth"": 16, ""min_samples_leaf"": 60}",all,,F3,14,321171,1.6,0.34360260254108005,0.8979432471300481,0.7520617133368018,299,1,6.090451575208016,12.375005885666605,0.5713888888888888,0.6135951501213278,0.3697845419178218,0.3101803117899266
rf,raw,"{""max_depth"": 16, ""min_samples_leaf"": 20}",all,,F3,14,321171,1.9,0.34208447141024956,0.8922279103215752,0.7449796268522416,299,1,6.063542279210954,12.346410260342257,0.5672222222222222,0.6094129894931459,0.3656571296231761,0.30968968461317253
rf,norm,"{""max_depth"": 10, ""min_samples_leaf"": 60}",all,0.07142857142857142,F3,14,321171,1.9,0.35127634479129305,0.9256300626924215,0.7875550520139284,299,1,6.226470788188112,12.655334469128091,0.5783333333333334,0.6376891203609921,0.3860931298952973,0.31373128185961024
rf,norm,"{""max_depth"": 10, ""min_samples_leaf"": 20}",all,0.07142857142857142,F3,14,321171,2.1,0.35128433504412504,0.9238116921720632,0.7786655586199591,299,1,6.226612417639073,12.662574250537501,0.5755555555555556,0.6342478096491542,0.3844085304248239,0.3145693240965444
rf,norm,"{""max_depth"": 16, ""min_samples_leaf"": 60}",all,0.07142857142857142,F3,14,321171,2.3,0.34731693952514997,0.9135415696795803,0.776557062567857,299,1,6.1562892300109295,12.520350238909842,0.5777777777777777,0.6294503373278204,0.3795118481193244,0.31095659224567507
rf,norm,"{""max_depth"": 16, ""min_samples_leaf"": 20}",all,0.07142857142857142,F3,14,321171,2.3,0.34768589957702667,0.9106873213905585,0.7708062242500918,299,1,6.1628291494193475,12.620402594730995,0.5783333333333334,0.6233762806356078,0.37718115316289774,0.3127389179107789
xgb,raw,"{""max_depth"": 3, ""min_child_weight"": 30}",all,,F3,14,321171,4.7,0.34717359654852337,0.9287608494029744,0.817030928950094,299,1,6.153748435932729,12.364830235594544,0.5666666666666667,0.6506855639640183,0.38117898241185927,0.3082447574387627
xgb,raw,"{""max_depth"": 3, ""min_child_weight"": 5}",all,,F3,14,321171,3.5,0.34883429950279443,0.943839024094002,0.8281711867148857,299,1,6.1831848571035595,12.352161709403783,0.5752777777777778,0.6723426435932969,0.3823841721391121,0.30814080221129636
xgb,raw,"{""max_depth"": 6, ""min_child_weight"": 30}",all,,F3,14,321171,3.8,0.35091343000901326,0.9176880648179134,0.7995589683806321,299,1,6.22003802286254,12.490633053443517,0.5752777777777778,0.6331231689595431,0.3727524233852607,0.31761931018395856
xgb,raw,"{""max_depth"": 6, ""min_child_weight"": 5}",all,,F3,14,321171,4.1,0.3522372086583803,0.9167892289673358,0.7870507755160676,299,1,6.243502367138863,12.682750037282434,0.575,0.6361254984025456,0.37192214045192035,0.31942290362783843
xgb,norm,"{""max_depth"": 3, ""min_child_weight"": 30}",all,0.07142857142857142,F3,14,321171,2.4,0.36510994153843823,0.9559582432256108,0.8385223095635874,299,1,6.471675133197023,13.09560432382747,0.5891666666666666,0.6570708541401404,0.3972758988971139,0.32782447833235473
xgb,norm,"{""max_depth"": 3, ""min_child_weight"": 5}",all,0.07142857142857142,F3,14,321171,2.2,0.3655105852832083,0.9578241508156101,0.8358752873371638,299,1,6.478776654863001,13.122570148831699,0.5919444444444445,0.6575047993038119,0.39814565212098707,0.32808273345247624
xgb,norm,"{""max_depth"": 6, ""min_child_weight"": 5}",all,0.07142857142857142,F3,14,321171,1.8,0.39689819896725437,1.028763533635476,0.9058726015936539,299,1,7.035130826194297,14.264013756722013,0.6544444444444445,0.6903744969458572,0.43300755204988334,0.3582984187938525
lr,raw,{},all,,F4,7,348471,3.0,0.40781752674921323,1.2797938992348161,0.8049582352635103,300,0,3.7379874805954967,7.276226567685428,0.5516666666666666,0.6250219396069839,0.44975922689968395,0.3693109653262363
lr,norm,{},all,0.07142857142857142,F4,7,348471,3.0,0.4928925452071854,1.3753081737091017,0.8498347640527035,300,0,4.517770920611527,10.981239516537196,0.5858333333333333,0.6400601422058952,0.5087056770384141,0.4707063414661852
rf,raw,"{""max_depth"": 10, ""min_samples_leaf"": 60}",all,,F4,7,348471,1.5,0.39358843278248445,1.3124692265993607,0.7835019788901169,300,0,3.607565976812122,7.491829076726043,0.5616666666666666,0.6118847775714332,0.43575050141112154,0.35488534256204957
rf,raw,"{""max_depth"": 10, ""min_samples_leaf"": 20}",all,,F4,7,348471,1.7,0.38886133992582117,1.316366444354769,0.7853242273076466,300,0,3.564238231536756,7.231086044518672,0.5630555555555555,0.6088845592337833,0.43650672829623527,0.3482570280849491
rf,raw,"{""max_depth"": 16, ""min_samples_leaf"": 60}",all,,F4,7,348471,1.7,0.3943996837644764,1.3069986933697721,0.7809238179294253,300,0,3.6150017681045634,7.495497502797852,0.5605555555555556,0.6107891737120091,0.43597156566348577,0.3561033991201726
rf,raw,"{""max_depth"": 16, ""min_samples_leaf"": 20}",all,,F4,7,348471,1.8,0.3894158429246831,1.3109213735855816,0.7799937824694856,300,0,3.5693207136071576,7.23743648027773,0.5594444444444444,0.6099679885094081,0.4355529131774052,0.34921657010946444
rf,norm,"{""max_depth"": 10, ""min_samples_leaf"": 60}",all,0.07142857142857142,F4,7,348471,2.0,0.40066379759322696,1.2696613606772311,0.7884282526850831,300,0,3.6724175914399195,7.413607250295161,0.5827777777777777,0.6230207052396889,0.44418950986977557,0.36106133276709573
rf,norm,"{""max_depth"": 10, ""min_samples_leaf"": 20}",all,0.07142857142857142,F4,7,348471,2.1,0.4012888882181756,1.2768115803039977,0.7896073516036359,300,0,3.6781470679264276,7.340283950984379,0.5822222222222222,0.6222360040719901,0.4450430217502654,0.3617812880070053
rf,norm,"{""max_depth"": 16, ""min_samples_leaf"": 60}",all,0.07142857142857142,F4,7,348471,2.3,0.39790167614777383,1.2763982811244785,0.7830803509188626,300,0,3.6471004466244703,7.397041453674002,0.5736111111111111,0.6182141097717776,0.44102586963036283,0.3586637471143996
rf,norm,"{""max_depth"": 16, ""min_samples_leaf"": 20}",all,0.07142857142857142,F4,7,348471,2.4,0.3961127629093893,1.2985062799011928,0.7749207026979995,300,0,3.630703566033644,7.269488617587641,0.5725,0.6176876856590964,0.4386935882960434,0.3568948225641456
xgb,raw,"{""max_depth"": 3, ""min_child_weight"": 30}",all,,F4,7,348471,4.2,0.39844034781480414,1.2988608211942476,0.8295338946887305,300,0,3.6520378213458593,7.300057234972414,0.5688888888888889,0.656956974817481,0.4371313817290317,0.3560875081608658
xgb,raw,"{""max_depth"": 3, ""min_child_weight"": 5}",all,,F4,7,348471,3.0,0.4036298089198359,1.3332623389992422,0.8402112015241072,300,0,3.699603556924396,7.429778013458376,0.5938888888888889,0.6770379504679931,0.44076291508655313,0.3600101425831293
xgb,raw,"{""max_depth"": 6, ""min_child_weight"": 30}",all,,F4,7,348471,4.5,0.39327154551220145,1.3334776574761924,0.7875728428993747,300,0,3.604661440907253,7.400485544951834,0.5655555555555556,0.6281875937694302,0.4318131120773255,0.35373745618523406
xgb,raw,"{""max_depth"": 6, ""min_child_weight"": 5}",all,,F4,7,348471,4.1,0.40075254825063483,1.3391867610260881,0.796260846853298,300,0,3.673231065173944,7.706375667946056,0.5736111111111111,0.6348878022321721,0.4374669291856252,0.36187611954434934
xgb,norm,"{""max_depth"": 3, ""min_child_weight"": 30}",all,0.07142857142857142,F4,7,348471,3.3,0.4161650566309202,1.3236551852904133,0.8164919405310906,300,0,3.8144995482362427,7.67389880236804,0.5783333333333334,0.637965689312254,0.44834300880832784,0.380142702223268
xgb,norm,"{""max_depth"": 3, ""min_child_weight"": 5}",all,0.07142857142857142,F4,7,348471,2.6,0.4168066305030375,1.3183657759379537,0.8183864742137027,300,0,3.8203801074190915,7.72128579032955,0.5830555555555555,0.6403168969829671,0.448885947719953,0.38061398887891024
xgb,norm,"{""max_depth"": 6, ""min_child_weight"": 5}",all,0.07142857142857142,F4,7,348471,6.7,0.4195826801774533,1.4459585959238672,0.7973334711211644,300,0,3.8458249160598412,7.3881180381642615,0.5680555555555555,0.6392999218762834,0.44283718969880825,0.38656894440165557
lr,raw,{},all,,F4,10,347571,3.0,0.3884308022499771,1.4365792877758625,0.8196632277170688,300,0,4.914297033132627,10.034797813315922,0.49722222222222223,0.5792358246932551,0.4154228415647403,0.35743746718209385
lr,norm,{},all,0.07142857142857142,F4,10,347571,3.0,0.5187400237604971,1.6860808248446213,0.8426685100534196,300,0,6.562925867276555,17.044962348552517,0.5683333333333334,0.5649681714289607,0.506936068112932,0.5168677711074333
rf,raw,"{""max_depth"": 10, ""min_samples_leaf"": 60}",all,,F4,10,347571,1.7,0.37254290311964294,1.449507902356975,0.7389366663068173,300,0,4.713288629302015,10.293563632035617,0.5788888888888889,0.5328373310824981,0.40485274816321093,0.343545125163752
rf,raw,"{""max_depth"": 10, ""min_samples_leaf"": 20}",all,,F4,10,347571,1.7,0.3679832927589786,1.4715048106371038,0.7380120668657719,300,0,4.655601958889012,9.984030970002783,0.5825,0.5317131724777973,0.4041203606817711,0.3374007518753388
rf,raw,"{""max_depth"": 16, ""min_samples_leaf"": 60}",all,,F4,10,347571,1.8,0.37303060737842797,1.4484592486467263,0.7447510691633211,300,0,4.719458901016078,10.366281794918274,0.5780555555555555,0.5306411343396178,0.4048035469244737,0.34451710303537963
rf,raw,"{""max_depth"": 16, ""min_samples_leaf"": 20}",all,,F4,10,347571,2.0,0.3675237706200381,1.438654547465653,0.727047881435944,300,0,4.6497882379611815,10.001786239146622,0.5716666666666667,0.5282767851910274,0.4034512226044629,0.3373597827488553
rf,norm,"{""max_depth"": 10, ""min_samples_leaf"": 60}",all,0.07142857142857142,F4,10,347571,2.1,0.3795766674316452,1.4225215751556974,0.7689917891169875,300,0,4.802277470789365,10.234716066962859,0.5875,0.5377116027842712,0.40973376496265557,0.3514973094596897
rf,norm,"{""max_depth"": 10, ""min_samples_leaf"": 20}",all,0.07142857142857142,F4,10,347571,2.0,0.38206401239718263,1.4076906153460484,0.7482706819601469,300,0,4.833746530178355,10.204674537240267,0.6030555555555556,0.5405467071998004,0.41556581725450276,0.35291548829684977
rf,norm,"{""max_depth"": 16, ""min_samples_leaf"": 60}",all,0.07142857142857142,F4,10,347571,2.2,0.37534003024403,1.4270853313250205,0.7632334677243422,300,0,4.748676949304053,10.13049372806561,0.5775,0.538008487802208,0.40424712742590685,0.34710545847383906
rf,norm,"{""max_depth"": 16, ""min_samples_leaf"": 20}",all,0.07142857142857142,F4,10,347571,2.3,0.3769935932527824,1.4124543947658086,0.7443209088715856,300,0,4.769597277303119,9.960189676622955,0.5952777777777778,0.5353959987921628,0.4092736120435815,0.3482300633774703
xgb,raw,"{""max_depth"": 3, ""min_child_weight"": 30}",all,,F4,10,347571,4.7,0.3774401372793357,1.4679642725983404,0.7838508301678114,300,0,4.775246803479062,10.214952911104296,0.5641666666666667,0.5708520351726465,0.4057529568307737,0.34573081497849806
xgb,raw,"{""max_depth"": 3, ""min_child_weight"": 5}",all,,F4,10,347571,4.3,0.3786759797014361,1.456145072138698,0.7834047129556672,300,0,4.790882269856002,10.263860748697818,0.5630555555555555,0.5710658130127368,0.4059509619300572,0.34740716347549855
xgb,raw,"{""max_depth"": 6, ""min_child_weight"": 30}",all,,F4,10,347571,5.1,0.37187776388279437,1.5027262483938677,0.7449494371277504,300,0,4.704873509390486,10.230305198142586,0.5561111111111111,0.5403243444505005,0.4017059458549703,0.3426727626530806
xgb,raw,"{""max_depth"": 6, ""min_child_weight"": 5}",all,,F4,10,347571,4.3,0.3778894457550423,1.5035106185767333,0.7403891077385965,300,0,4.78093130454421,10.893857448717801,0.5611111111111111,0.5441493004144697,0.4052751478793654,0.3496951361540795
xgb,norm,"{""max_depth"": 3, ""min_child_weight"": 30}",all,0.07142857142857142,F4,10,347571,7.3,0.38874844605079195,1.453466795911991,0.7614708357861,300,0,4.918315756619269,10.32176460180503,0.5875,0.5533766428420802,0.41585554505165756,0.3608338571453746
xgb,norm,"{""max_depth"": 3, ""min_child_weight"": 5}",all,0.07142857142857142,F4,10,347571,2.4,0.3989109826872819,1.4645830623102685,0.7862784063425836,300,0,5.046888782631928,10.655100176628359,0.6058333333333333,0.5594328874321277,0.42510950954708515,0.3717640903405381
xgb,norm,"{""max_depth"": 6, ""min_child_weight"": 5}",all,0.07142857142857142,F4,10,347571,6.4,0.3925965583469206,1.524575939911732,0.7674552325582675,300,0,4.96700079068579,10.178047328706088,0.5702777777777778,0.5384119816840184,0.4122289478889427,0.36921691809410234
lr,raw,{},all,,F4,14,346371,3.2,0.36632308705530386,1.7141460643551947,0.8415387527431475,300,0,6.708291531700252,14.265120169040985,0.5147222222222222,0.5080170670508248,0.3844240487916144,0.3437841209407306
lr,norm,{},all,0.07142857142857142,F4,14,346371,3.0,0.5607693013814904,2.1892066714488005,0.925795416126615,300,0,10.269087831548545,27.718534868744342,0.5452777777777778,0.5285209584825713,0.5235987783713932,0.5761219909932539
rf,raw,"{""max_depth"": 10, ""min_samples_leaf"": 60}",all,,F4,14,346371,1.6,0.3504647143144337,1.8442186560375782,0.764139710003953,300,0,6.417885080883067,14.881706506599665,0.55,0.4778583287054083,0.36908174885327605,0.32947579245209824
rf,raw,"{""max_depth"": 10, ""min_samples_leaf"": 20}",all,,F4,14,346371,1.7,0.346693479300462,1.793278294575292,0.7779540918300138,300,0,6.348824339689711,14.428660626062664,0.5477777777777778,0.4771588898398976,0.3682606257930163,0.3244248080938478
rf,raw,"{""max_depth"": 16, ""min_samples_leaf"": 60}",all,,F4,14,346371,1.6,0.34930446564905715,1.843340285863955,0.7707507887236086,300,0,6.3966380271983585,14.888708448301504,0.5475,0.47606646801769875,0.3690695128231006,0.32803596260847884
rf,raw,"{""max_depth"": 16, ""min_samples_leaf"": 20}",all,,F4,14,346371,1.9,0.3465850027108598,1.7909633405937166,0.7693478972474266,300,0,6.34683786214262,14.400057606220441,0.5425,0.4704193403100241,0.3667153479665502,0.32555352403079246
rf,norm,"{""max_depth"": 10, ""min_samples_leaf"": 60}",all,0.07142857142857142,F4,14,346371,1.9,0.35933470787945515,1.8206841858653084,0.7884266734256402,300,0,6.580316838042522,14.496563191173962,0.5572222222222222,0.4889035904325692,0.3729456600742538,0.33963416050126477
rf,norm,"{""max_depth"": 10, ""min_samples_leaf"": 20}",all,0.07142857142857142,F4,14,346371,1.9,0.3609819146006246,1.7994692923893676,0.7825056580613756,300,0,6.610481311123938,14.354500439123173,0.5655555555555556,0.48642109140742135,0.37506927890189934,0.34162773203506513
rf,norm,"{""max_depth"": 16, ""min_samples_leaf"": 60}",all,0.07142857142857142,F4,14,346371,2.2,0.35555121914473786,1.813760234827859,0.7897675573971441,300,0,6.511031700588012,14.313540938752418,0.5486111111111112,0.4847864074367659,0.368273375337819,0.3361654809321953
rf,norm,"{""max_depth"": 16, ""min_samples_leaf"": 20}",all,0.07142857142857142,F4,14,346371,2.4,0.35500768592531334,1.8018924868299055,0.7797967763008088,300,0,6.501078248507301,14.135970393018713,0.5558333333333333,0.47942214700931335,0.366323824131333,0.336633183873264
xgb,raw,"{""max_depth"": 3, ""min_child_weight"": 30}",all,,F4,14,346371,6.9,0.35666392470800745,1.8781567105243873,0.8109748286489842,300,0,6.531408121215387,14.88513802227329,0.5508333333333333,0.5163995560982614,0.3725139161823894,0.3326642504464542
xgb,raw,"{""max_depth"": 3, ""min_child_weight"": 5}",all,,F4,14,346371,5.3,0.35387197148044947,1.8729918332111242,0.8015915108072535,300,0,6.4802804777357315,14.50213724774353,0.5575,0.5190469489484875,0.3706970396192897,0.3289203974390284
xgb,raw,"{""max_depth"": 6, ""min_child_weight"": 30}",all,,F4,14,346371,6.9,0.3651410299103324,1.890985977409614,0.7984136129887731,300,0,6.686645110232963,15.66562656668856,0.5430555555555555,0.4905014330706275,0.3764784974696365,0.34664683893172443
xgb,raw,"{""max_depth"": 6, ""min_child_weight"": 5}",all,,F4,14,346371,5.3,0.3642111272110286,1.9036214417286375,0.8020560983335592,300,0,6.669616267051961,15.667352945099564,0.5408333333333334,0.49308335510953083,0.37347259294944124,0.345939212809862
xgb,norm,"{""max_depth"": 3, ""min_child_weight"": 30}",all,0.07142857142857142,F4,14,346371,13.9,0.37663767969027295,1.9281262238731707,0.8317003721763039,300,0,6.897177509328123,14.89486263572949,0.5508333333333333,0.49205806958797715,0.3822881690875883,0.3610909068595299
xgb,norm,"{""max_depth"": 3, ""min_child_weight"": 5}",all,0.07142857142857142,F4,14,346371,4.2,0.37687576985617105,1.890691436094433,0.8199529948682398,300,0,6.901537535491132,15.060092878219669,0.5708333333333333,0.5046116929004344,0.3788339970165766,0.3609986791431296
xgb,norm,"{""max_depth"": 6, ""min_child_weight"": 5}",all,0.07142857142857142,F4,14,346371,3.4,0.3664685667466276,1.8182545732243232,0.8081641639408814,300,0,6.710955628547618,14.437984065370626,0.5636111111111111,0.49353461444265273,0.3747038314956183,0.34873000455658637
lr,raw,{},no_sum364,,F1,7,266571,2.3,0.3927374494906705,0.8725234251399159,0.7867269527831087,298,2,3.6213665655118907,6.409968704846662,0.5958333333333333,0.7238687332658119,0.465917676834305,0.3411457767799666
lr,norm,{},no_sum364,0.07142857142857142,F1,7,266571,2.2,0.4978655274053054,1.0152582917224304,0.8369556741103644,298,2,4.59073505061642,9.142587440904366,0.6222222222222222,0.7338844679094838,0.5254508330955425,0.4680938038157961
rf,raw,"{""max_depth"": 10, ""min_samples_leaf"": 20}",no_sum364,,F1,7,266571,1.5,0.3758920469010292,0.8238294230710783,0.7542970575473373,298,2,3.466037915799906,6.307352605893116,0.6058333333333333,0.6945230952174788,0.44322776217316645,0.3271259638632667
rf,norm,"{""max_depth"": 16, ""min_samples_leaf"": 60}",no_sum364,0.07142857142857142,F1,7,266571,1.9,0.3841270739402457,0.8383337323653599,0.7513856234787502,298,2,3.5419717276240155,6.423418563436063,0.6122222222222222,0.6989933941687821,0.45124549122255975,0.3357724306856163
xgb,raw,"{""max_depth"": 3, ""min_child_weight"": 30}",no_sum364,,F1,7,266571,4.3,0.3863386397148574,0.85943262539188,0.7786642858269156,298,2,3.562364207037414,6.409111718549907,0.6105555555555555,0.7417811618807276,0.45212727098395755,0.33459554653331197
xgb,norm,"{""max_depth"": 3, ""min_child_weight"": 30}",no_sum364,0.07142857142857142,F1,7,266571,2.4,0.40930499808273857,0.8784314770631704,0.7860098821421211,298,2,3.774133169821252,7.079745101606333,0.62,0.7331400392660469,0.46237539504950914,0.3641197157756507
rf,raw,"{""max_depth"": 10, ""min_samples_leaf"": 20}",no_item,,F1,7,266571,1.5,0.3739722198677778,0.8200588256066194,0.7413295264549964,298,2,3.448335510697468,6.257103667490478,0.6036111111111111,0.6914806513871173,0.441320483192026,0.32530679109852395
rf,raw,"{""max_depth"": 10, ""min_samples_leaf"": 20}",no_ids,,F1,7,266571,1.2,0.37487031033796225,0.8227329892546448,0.7466109814800918,298,2,3.4566166532412934,6.267508851001858,0.6038888888888889,0.6951257930814558,0.4419563188082589,0.3260245447101166
rf,norm,"{""max_depth"": 16, ""min_samples_leaf"": 60}",no_item,0.07142857142857142,F1,7,266571,1.8,0.38625584304515626,0.8378234346275096,0.7634490771183051,298,2,3.561600752745545,6.448671895094268,0.6141666666666666,0.6972449795295798,0.4470348640910615,0.3400671695673299
rf,norm,"{""max_depth"": 16, ""min_samples_leaf"": 60}",no_ids,0.07142857142857142,F1,7,266571,1.7,0.3848156560117962,0.8383199316321921,0.7612394418484795,298,2,3.548321028142104,6.4028475271896665,0.6130555555555556,0.6990217953769782,0.4487461811042027,0.33743048717332225
xgb,raw,"{""max_depth"": 3, ""min_child_weight"": 30}",no_item,,F1,7,266571,4.6,0.38587650763829584,0.8571627266220644,0.7650995017845832,298,2,3.5581029641814528,6.386060578854424,0.6113888888888889,0.7364492234263934,0.450862644588692,0.3348141680829919
xgb,raw,"{""max_depth"": 3, ""min_child_weight"": 30}",no_ids,,F1,7,266571,3.2,0.3864931302663881,0.862109223319383,0.7708691692301273,298,2,3.5637887386646536,6.406844772218927,0.6116666666666667,0.7464523449453543,0.45133132115006447,0.3346014516135118
xgb,norm,"{""max_depth"": 3, ""min_child_weight"": 30}",no_item,0.07142857142857142,F1,7,266571,3.0,0.4084203075454873,0.8681450216242198,0.782023111501151,298,2,3.765975585825681,7.065033514680068,0.6197222222222222,0.7122721341316666,0.45905078379181397,0.36578545550647057
xgb,norm,"{""max_depth"": 3, ""min_child_weight"": 30}",no_ids,0.07142857142857142,F1,7,266571,2.6,0.4203055794088696,0.8817190919791672,0.7953463549223315,298,2,3.875567696799285,8.009576292565715,0.6169444444444444,0.7226779960987391,0.4568448532906556,0.38182244368795076
lr,raw,{},no_sum364,,F1,10,265671,2.4,0.3631452527693378,0.8630229312811204,0.7727236978531271,298,2,4.6208215941271735,8.519613276009567,0.5486111111111112,0.6838394295317275,0.4253393247561011,0.3162911364500898
lr,norm,{},no_sum364,0.07142857142857142,F1,10,265671,2.5,0.5277122011800489,1.0853896170479784,0.8614925825973658,298,2,6.714844586571022,13.606393623728536,0.6194444444444445,0.6987958461204381,0.5231482695185737,0.5133551130523658
rf,raw,"{""max_depth"": 10, ""min_samples_leaf"": 20}",no_sum364,,F1,10,265671,1.6,0.35343795152697044,0.8294067720864328,0.734561175585422,298,2,4.497301578763184,8.382123040020662,0.6288888888888889,0.6733976454234689,0.41087791606291807,0.30799102704707776
rf,norm,"{""max_depth"": 16, ""min_samples_leaf"": 60}",no_sum364,0.07142857142857142,F1,10,265671,1.9,0.36143377561118273,0.8461333318558402,0.7523407812212517,298,2,4.599043998110294,8.561593180933226,0.6275,0.6839544311788592,0.41613724641044825,0.3165240132914769
xgb,raw,"{""max_depth"": 3, ""min_child_weight"": 30}",no_sum364,,F1,10,265671,7.2,0.3548371592263971,0.8335447910691499,0.7558789219312434,298,2,4.515105719400776,8.439442440641377,0.5919444444444445,0.6760819463163126,0.40749087150275415,0.3106218215526187
xgb,norm,"{""max_depth"": 3, ""min_child_weight"": 30}",no_sum364,0.07142857142857142,F1,10,265671,1.4,0.38834274315009126,0.8946809816443675,0.7878237604861082,298,2,4.941445660616495,9.398464547669594,0.6597222222222222,0.7126697286901845,0.43534704457700785,0.34543796596118503
rf,raw,"{""max_depth"": 10, ""min_samples_leaf"": 20}",no_item,,F1,10,265671,1.5,0.35253234734779737,0.8268570969101527,0.74315732411342,298,2,4.485778268696639,8.321480776669425,0.6338888888888888,0.6689030484016357,0.40974919422960976,0.3074764823580801
rf,raw,"{""max_depth"": 10, ""min_samples_leaf"": 20}",no_ids,,F1,10,265671,1.2,0.35117646113335366,0.8242326641499483,0.7381785873447281,298,2,4.468525369887962,8.300817377558463,0.6302777777777778,0.6689298373008411,0.40659809221520743,0.3065001818210132
rf,norm,"{""max_depth"": 16, ""min_samples_leaf"": 60}",no_item,0.07142857142857142,F1,10,265671,1.8,0.36622837261724084,0.8411917250741697,0.7480553304681907,298,2,4.66005258134738,8.677698821008066,0.6305555555555555,0.6661626660193898,0.4127086121488922,0.3257017265279874
rf,norm,"{""max_depth"": 16, ""min_samples_leaf"": 60}",no_ids,0.07142857142857142,F1,10,265671,1.6,0.36697821187078333,0.844228696869744,0.7390119369529666,298,2,4.669593869271345,8.673963417239554,0.6347222222222222,0.6688767851220968,0.4149252186028636,0.3258585210891691
xgb,raw,"{""max_depth"": 3, ""min_child_weight"": 30}",no_item,,F1,10,265671,6.8,0.3540568964489906,0.8300227247109573,0.7525294181295225,298,2,4.5051773090376,8.412413528742864,0.5938888888888889,0.6693756560712564,0.4051248277267102,0.3108304032627263
xgb,raw,"{""max_depth"": 3, ""min_child_weight"": 30}",no_ids,,F1,10,265671,7.0,0.35473550147911415,0.8368422729731049,0.7574691953339705,298,2,4.513812181043128,8.42089119272806,0.5938888888888889,0.6799839642595072,0.40486713540354985,0.3108649704310945
xgb,norm,"{""max_depth"": 3, ""min_child_weight"": 30}",no_item,0.07142857142857142,F1,10,265671,2.8,0.39222986153572553,0.8830770918572861,0.7681071378635969,298,2,4.990907082563477,10.100690757074595,0.6391666666666667,0.6930167288279409,0.42728487507325796,0.3548456673121635
xgb,norm,"{""max_depth"": 3, ""min_child_weight"": 30}",no_ids,0.07142857142857142,F1,10,265671,2.2,0.38768274741889197,0.8825470149694383,0.7664435818947068,298,2,4.933047581601278,9.541164387207454,0.6466666666666666,0.6964407010760961,0.42951500587011926,0.3476594037142238
lr,raw,{},no_sum364,,F1,14,264471,2.8,0.3376963519451191,0.9228148206210486,0.8207409687285357,298,2,6.185752926754719,11.22823970431912,0.5666666666666667,0.6100987355297205,0.3944464109270886,0.29607122345046133
lr,norm,{},no_sum364,0.07142857142857142,F1,14,264471,2.8,0.5620283368014872,1.240934426271353,0.933095650453325,298,2,10.294954059361242,21.49361739861391,0.6016666666666667,0.6213206162878796,0.5156708212854222,0.5696664228620572
rf,raw,"{""max_depth"": 10, ""min_samples_leaf"": 20}",no_sum364,,F1,14,264471,1.8,0.32452209252377195,0.8629898736053512,0.7827843989969998,298,2,5.944433429804193,11.03327727282605,0.6019444444444444,0.570110532682536,0.3757941147494142,0.2869635732237197
rf,norm,"{""max_depth"": 16, ""min_samples_leaf"": 60}",no_sum364,0.07142857142857142,F1,14,264471,2.5,0.3317005785113836,0.8793617092763522,0.7986362433486245,298,2,6.075925346882269,11.245434961221866,0.6113888888888889,0.5758739085601019,0.3819765632792462,0.2945577422914799
xgb,raw,"{""max_depth"": 3, ""min_child_weight"": 30}",no_sum364,,F1,14,264471,7.6,0.33151776428379426,0.8922548106869873,0.8012733032424092,298,2,6.072576647268401,11.257705056474222,0.6019444444444444,0.5982766388941482,0.38114114586641873,0.29244758711627455
xgb,norm,"{""max_depth"": 3, ""min_child_weight"": 30}",no_sum364,0.07142857142857142,F1,14,264471,3.3,0.3827017618274117,0.9594127865811022,0.8258378057882013,298,2,7.010139522273614,16.726013375478736,0.6186111111111111,0.6188721868036993,0.39442496830127005,0.3572728713053236
rf,raw,"{""max_depth"": 10, ""min_samples_leaf"": 20}",no_item,,F1,14,264471,1.9,0.32279567023201877,0.8538434246362326,0.7740257530832078,298,2,5.9128096894750035,10.974510105849081,0.6058333333333333,0.5636444913768319,0.36960478089804755,0.2869499074582094
rf,raw,"{""max_depth"": 10, ""min_samples_leaf"": 20}",no_ids,,F1,14,264471,1.5,0.3231664323544308,0.8561656511711248,0.7794912942360805,298,2,5.919601124652286,10.975087417681486,0.6066666666666667,0.5643135892695235,0.3710420796883912,0.28698941308013537
rf,norm,"{""max_depth"": 16, ""min_samples_leaf"": 60}",no_item,0.07142857142857142,F1,14,264471,2.5,0.336860174851481,0.8769009801363626,0.7810191765248475,298,2,6.170436252842004,11.47725444836464,0.6155555555555555,0.5621901199186257,0.37929842655500245,0.3037094234565958
rf,norm,"{""max_depth"": 16, ""min_samples_leaf"": 60}",no_ids,0.07142857142857142,F1,14,264471,2.0,0.3316715647141516,0.8715908932820177,0.7959714500848114,298,2,6.075393886651471,11.249440351693226,0.6141666666666666,0.565532284479888,0.37526215880584335,0.2973949788072825
xgb,raw,"{""max_depth"": 3, ""min_child_weight"": 30}",no_item,,F1,14,264471,3.3,0.3365581611964888,0.9212913389982379,0.8256429672220329,298,2,6.1649041177166835,11.315083233506632,0.6175,0.6365893721607132,0.38444871555987276,0.2948680960637576
xgb,raw,"{""max_depth"": 3, ""min_child_weight"": 30}",no_ids,,F1,14,264471,3.3,0.3384706112739125,0.9475541839783373,0.8657240260482476,298,2,6.199935422009892,11.268452860561148,0.6247222222222222,0.6747962317616912,0.3858809153904563,0.2935216727668795
xgb,norm,"{""max_depth"": 3, ""min_child_weight"": 30}",no_item,0.07142857142857142,F1,14,264471,5.6,0.38386077023162557,0.9340535304751468,0.8118804040661561,298,2,7.031369658717802,18.882507208870226,0.6127777777777778,0.5764400082440035,0.38528473789491186,0.3654393122346262
xgb,norm,"{""max_depth"": 3, ""min_child_weight"": 30}",no_ids,0.07142857142857142,F1,14,264471,3.1,0.3910611667052433,0.9472765690644994,0.8137877852357236,298,2,7.163262921123294,21.17474902962206,0.6166666666666667,0.5864647528408493,0.38560247233865963,0.3743330595877939
lr,raw,{},no_sum364,,F2,7,291771,3.2,0.4257803757660832,0.9147942708886356,0.7767280317368216,298,2,3.9135130149233133,9.62449774743096,0.5972222222222222,0.7609890695683124,0.5257855072196983,0.36925249570581764
lr,norm,{},no_sum364,0.07142857142857142,F2,7,291771,3.0,0.5121971674112634,1.0089943145533777,0.8155424469073537,298,2,4.707803353464249,11.323178770637632,0.6402777777777777,0.7693282943833847,0.5532111649714332,0.4781397775511805
rf,raw,"{""max_depth"": 10, ""min_samples_leaf"": 20}",no_sum364,,F2,7,291771,2.0,0.4164676723170766,0.9054152650067859,0.7514030233927457,298,2,3.827916335916597,9.496688121408699,0.6233333333333333,0.7798812547124419,0.5187821549710785,0.35677466350913345
rf,norm,"{""max_depth"": 16, ""min_samples_leaf"": 60}",no_sum364,0.07142857142857142,F2,7,291771,2.5,0.42159164138690736,0.9126331471464509,0.7548948412040906,298,2,3.8750127282920492,9.959870195040406,0.6255555555555555,0.7862560812514285,0.5235693444706238,0.36187273022096555
xgb,raw,"{""max_depth"": 3, ""min_child_weight"": 30}",no_sum364,,F2,7,291771,4.1,0.42251748382863263,0.9357395013541743,0.7872355687432946,298,2,3.8835225062237844,9.656906145650971,0.6144444444444445,0.8157471286312917,0.5272555224126904,0.35948315862784885
xgb,norm,"{""max_depth"": 3, ""min_child_weight"": 30}",no_sum364,0.07142857142857142,F2,7,291771,2.6,0.44737710482993337,0.9590350463830027,0.7815271186594632,298,2,4.11201695047713,11.148659765691434,0.6336111111111111,0.8020089238805924,0.5520365810930508,0.38787100200664104
rf,raw,"{""max_depth"": 10, ""min_samples_leaf"": 20}",no_item,,F2,7,291771,2.1,0.4140601911109015,0.8976947265033504,0.7419874786553202,298,2,3.8057882399079497,9.535407173496454,0.6216666666666667,0.7653855258180148,0.5140463490910631,0.3560725856787755
rf,raw,"{""max_depth"": 10, ""min_samples_leaf"": 20}",no_ids,,F2,7,291771,1.7,0.414380617505674,0.8985183534425603,0.7467125871323195,298,2,3.8087334035125684,9.552031486232519,0.6211111111111111,0.7688528968852095,0.5149193852627241,0.3559629930855783
rf,norm,"{""max_depth"": 16, ""min_samples_leaf"": 60}",no_item,0.07142857142857142,F2,7,291771,2.5,0.4186989747125936,0.9030826497758948,0.7535742357587263,298,2,3.848425103962503,9.902874201956699,0.6227777777777778,0.7651297242598594,0.5183377252757957,0.3612467309072405
rf,norm,"{""max_depth"": 16, ""min_samples_leaf"": 60}",no_ids,0.07142857142857142,F2,7,291771,1.9,0.42075194913824354,0.9047943633595275,0.7570929163573047,298,2,3.8672947902875947,9.956105233420452,0.6283333333333333,0.7668114077761463,0.5201712230733802,0.3633906501777633
xgb,raw,"{""max_depth"": 3, ""min_child_weight"": 30}",no_item,,F2,7,291771,4.4,0.42148691679593453,0.9324779113470305,0.7804621578151928,298,2,3.874050163850188,9.706623475354068,0.6105555555555555,0.8129023527027516,0.522585284960268,0.35956607244886596
xgb,raw,"{""max_depth"": 3, ""min_child_weight"": 30}",no_ids,,F2,7,291771,4.3,0.42156213321557967,0.9317918474899451,0.779451332422648,298,2,3.874741507213977,9.7005765710076,0.6122222222222222,0.8093858252348525,0.5222771664694024,0.3600676128571463
xgb,norm,"{""max_depth"": 3, ""min_child_weight"": 30}",no_item,0.07142857142857142,F2,7,291771,3.8,0.4421151865919824,0.9371041243858457,0.7536885108831993,298,2,4.063652613650585,10.91398819143973,0.6288888888888889,0.7688878620001531,0.5424344093210511,0.38627210514700555
xgb,norm,"{""max_depth"": 3, ""min_child_weight"": 30}",no_ids,0.07142857142857142,F2,7,291771,3.0,0.4398064991165309,0.9287996615725549,0.7718194967607273,298,2,4.042432569240803,10.54513821276257,0.6288888888888889,0.7711882001132486,0.535878771618655,0.3846514341508915
lr,raw,{},no_sum364,,F2,10,290871,3.0,0.3900051436456027,0.88494677589114,0.7710737223479351,298,2,4.98448240531505,11.527455155588497,0.5525,0.6866469809730926,0.4672309256607334,0.3431999547406745
lr,norm,{},no_sum364,0.07142857142857142,F2,10,290871,3.0,0.5192418155597223,1.0438511773538723,0.8235676808675987,298,2,6.6361988705285615,15.60067266849642,0.6169444444444444,0.6948392975485738,0.5227918287804548,0.5025116745528337
rf,raw,"{""max_depth"": 10, ""min_samples_leaf"": 20}",no_sum364,,F2,10,290871,2.1,0.3807085117460521,0.8890330815648618,0.7478934324719282,298,2,4.865666284843294,11.361215281266269,0.6452777777777777,0.7278638921079582,0.4691298108227888,0.32644201116258065
rf,norm,"{""max_depth"": 16, ""min_samples_leaf"": 60}",no_sum364,0.07142857142857142,F2,10,290871,2.5,0.3907142229191806,0.8987180764861424,0.7304831490596202,298,2,4.993544832364306,12.11142485718246,0.6380555555555556,0.7321467877925756,0.47395133227740155,0.3383124139656361
xgb,raw,"{""max_depth"": 3, ""min_child_weight"": 30}",no_sum364,,F2,10,290871,4.6,0.3845470764453814,0.9007900716879864,0.7640427694409274,298,2,4.914725274236666,11.647974540846292,0.6219444444444444,0.7309739672869473,0.4705143932458916,0.3309849781789649
xgb,norm,"{""max_depth"": 3, ""min_child_weight"": 30}",no_sum364,0.07142857142857142,F2,10,290871,3.1,0.41343360273726015,0.9385879208445305,0.7460167853392405,298,2,5.283911128317039,13.099145381243899,0.6502777777777777,0.746360973725256,0.4942734729185974,0.3624214260774813
rf,raw,"{""max_depth"": 10, ""min_samples_leaf"": 20}",no_item,,F2,10,290871,2.0,0.37966198847993143,0.8782646411523629,0.7225016792953353,298,2,4.852291136100457,11.42779483997782,0.6433333333333333,0.7063973918024641,0.46380785792070267,0.328346538008008
rf,raw,"{""max_depth"": 10, ""min_samples_leaf"": 20}",no_ids,,F2,10,290871,1.7,0.3782324501408811,0.8761971950023042,0.7194626787209106,298,2,4.834020841939427,11.353823432453634,0.6397222222222222,0.7059119193338611,0.4627886220009475,0.3267252104961872
rf,norm,"{""max_depth"": 16, ""min_samples_leaf"": 60}",no_item,0.07142857142857142,F2,10,290871,2.4,0.38614696686226446,0.8800081768408182,0.7084725132676137,298,2,4.93517276259244,11.830487971375765,0.6316666666666667,0.7014506107802962,0.4649927493854643,0.33724025577496985
rf,norm,"{""max_depth"": 16, ""min_samples_leaf"": 60}",no_ids,0.07142857142857142,F2,10,290871,2.0,0.3881377439867201,0.8828633404814514,0.7145766765172769,298,2,4.960616000230275,12.01976334781011,0.6308333333333334,0.7010794522469871,0.46649805807660644,0.33957001572059936
xgb,raw,"{""max_depth"": 3, ""min_child_weight"": 30}",no_item,,F2,10,290871,5.3,0.38253077097403904,0.8902206796888789,0.748357933769118,298,2,4.8889557701432045,11.58215314893484,0.6130555555555556,0.7135197649007516,0.4658497087514656,0.33104771334896926
xgb,raw,"{""max_depth"": 3, ""min_child_weight"": 30}",no_ids,,F2,10,290871,5.4,0.3806005977873076,0.8863772535195318,0.7400635980774912,298,2,4.864287084498339,11.630900931804588,0.6077777777777778,0.7092380782156299,0.46380936494002617,0.3293578860472706
xgb,norm,"{""max_depth"": 3, ""min_child_weight"": 30}",no_item,0.07142857142857142,F2,10,290871,3.8,0.4113303695211766,0.9237192955682283,0.7489210424131765,298,2,5.257030639352593,13.158347127666898,0.6416666666666667,0.7085282829560985,0.4948068188848885,0.3628479316272127
xgb,norm,"{""max_depth"": 3, ""min_child_weight"": 30}",no_ids,0.07142857142857142,F2,10,290871,2.9,0.410239174689192,0.9225319682594783,0.7430824171922196,298,2,5.24308456318048,12.818428558260063,0.6436111111111111,0.720231968708213,0.4893849302089155,0.3617324171182037
lr,raw,{},no_sum364,,F2,14,289671,3.1,0.37217540809635097,0.9600147458933221,0.8193169062459076,298,2,6.841617821388977,16.41001827040556,0.5616666666666666,0.6388183060698814,0.43362343757505695,0.3319157405903133
lr,norm,{},no_sum364,0.07142857142857142,F2,14,289671,3.0,0.567615622056952,1.208190312141392,0.9269611841798693,298,2,10.434351843468049,25.34273800983354,0.5866666666666667,0.6264625082677109,0.5163550256249423,0.5756770071594323
rf,raw,"{""max_depth"": 10, ""min_samples_leaf"": 20}",no_sum364,,F2,14,289671,2.0,0.3533916670302798,0.9189957573090614,0.7816576947207425,298,2,6.496320483536071,16.070253385332315,0.6072222222222222,0.6327869101951522,0.41556928264577575,0.31178411387153115
rf,norm,"{""max_depth"": 16, ""min_samples_leaf"": 60}",no_sum364,0.07142857142857142,F2,14,289671,2.5,0.36265297467230745,0.9371595794697244,0.7723223226130034,298,2,6.6665690438511005,16.673340601752223,0.6163888888888889,0.6413410209355966,0.42510823036119866,0.32103700863098034
xgb,raw,"{""max_depth"": 3, ""min_child_weight"": 30}",no_sum364,,F2,14,289671,3.5,0.36242618457556036,0.9694538820545693,0.8181973386274726,298,2,6.662400011900399,16.224456540766216,0.6113888888888889,0.686642047709856,0.4294190212589262,0.31549275329888443
xgb,norm,"{""max_depth"": 3, ""min_child_weight"": 30}",no_sum364,0.07142857142857142,F2,14,289671,2.8,0.3981392063451624,0.9992586802851949,0.7920754387287837,298,2,7.318904554863932,22.287583228379756,0.6263888888888889,0.6556988442813169,0.4549980333729172,0.3599035183084131
rf,raw,"{""max_depth"": 10, ""min_samples_leaf"": 20}",no_item,,F2,14,289671,2.0,0.35103289048443836,0.9068758622670886,0.7701371281598343,298,2,6.4529596184664335,16.017281472846978,0.6122222222222222,0.615642162742543,0.41074315691192465,0.31141206099161156
rf,raw,"{""max_depth"": 10, ""min_samples_leaf"": 20}",no_ids,,F2,14,289671,1.5,0.35297649183469315,0.9103305523281787,0.7743032062592299,298,2,6.488688410176756,16.08824696714792,0.6133333333333333,0.6158433187324625,0.4126904933077111,0.3135127954777756
rf,norm,"{""max_depth"": 16, ""min_samples_leaf"": 60}",no_item,0.07142857142857142,F2,14,289671,2.8,0.3631863059281543,0.9204313412851908,0.7666293946217695,298,2,6.676373153809276,16.936755815458213,0.6113888888888889,0.6099613698809144,0.42150258036700355,0.32554818753374287
rf,norm,"{""max_depth"": 16, ""min_samples_leaf"": 60}",no_ids,0.07142857142857142,F2,14,289671,2.3,0.36209794136024237,0.9179851278780587,0.7645069692239983,298,2,6.656365989816145,16.804009969219702,0.6133333333333333,0.6070597039152029,0.4184333723383851,0.32514221771037277
xgb,raw,"{""max_depth"": 3, ""min_child_weight"": 30}",no_item,,F2,14,289671,3.1,0.3673012472279121,1.0049224210554648,0.8434449261030934,298,2,6.752017205291324,16.220302991181637,0.6338888888888888,0.7317263526547145,0.43150122125617413,0.31744937029415293
xgb,raw,"{""max_depth"": 3, ""min_child_weight"": 30}",no_ids,,F2,14,289671,3.1,0.3651350886561849,0.9840464815375193,0.8323901227664414,298,2,6.712197193635834,16.217457154039526,0.6291666666666667,0.7060762851309653,0.42649552780187144,0.3181564880184186
xgb,norm,"{""max_depth"": 3, ""min_child_weight"": 30}",no_item,0.07142857142857142,F2,14,289671,3.4,0.39875617930507806,0.9911544943926626,0.7710238618659906,298,2,7.33024623168096,23.697612189932286,0.6138888888888889,0.6206613354699654,0.45957651194972865,0.3627201171352327
xgb,norm,"{""max_depth"": 3, ""min_child_weight"": 30}",no_ids,0.07142857142857142,F2,14,289671,2.1,0.38731882944434903,0.9741867059358632,0.7766731106512057,298,2,7.1199959708244815,19.132716449825235,0.6230555555555556,0.6444395382182134,0.4424735314732456,0.3495684825005286
lr,raw,{},no_sum364,,F3,7,323271,3.5,0.4274696363290669,0.9139634354112534,0.7858391590429491,299,1,3.7606641256049667,7.156724028183757,0.5697222222222222,0.7584551286450123,0.4958726716652004,0.37577316635436553
lr,norm,{},no_sum364,0.07142857142857142,F3,7,323271,4.0,0.502793750160798,1.011164889036222,0.8508864358423706,299,1,4.42332801703962,9.38131772875154,0.6005555555555555,0.7728500095716091,0.5470324984918671,0.46403407364809734
rf,raw,"{""max_depth"": 10, ""min_samples_leaf"": 20}",no_sum364,,F3,7,323271,2.1,0.4096068823835579,0.8862875906040125,0.7569680056462782,299,1,3.603516547769351,7.103590316752783,0.5927777777777777,0.7776802991272975,0.47451434689875244,0.35541617524740643
rf,norm,"{""max_depth"": 16, ""min_samples_leaf"": 60}",no_sum364,0.07142857142857142,F3,7,323271,2.5,0.4137538399660065,0.8984710674133287,0.762891687201912,299,1,3.639999407100942,7.195584629528811,0.5966666666666667,0.8080178830774583,0.4789077496606695,0.35699934433352287
xgb,raw,"{""max_depth"": 3, ""min_child_weight"": 30}",no_sum364,,F3,7,323271,6.1,0.4173954244039534,0.9174661679103537,0.7848048607508341,299,1,3.67203624619378,7.132874579198374,0.5988888888888889,0.8243478042927476,0.4849464200329699,0.35872568670227434
xgb,norm,"{""max_depth"": 3, ""min_child_weight"": 30}",no_sum364,0.07142857142857142,F3,7,323271,1.6,0.448726032290341,0.9502373712929538,0.8332019628564127,299,1,3.947667269074275,7.962553946029136,0.6327777777777778,0.8046006523387742,0.5172955079389104,0.3946132032916834
rf,raw,"{""max_depth"": 10, ""min_samples_leaf"": 20}",no_item,,F3,7,323271,2.1,0.4082083859985237,0.8806588067826238,0.7492450895877231,299,1,3.5912132758220126,7.07732652193577,0.5936111111111111,0.7677429924628414,0.47247417523576196,0.35501944312693506
rf,raw,"{""max_depth"": 10, ""min_samples_leaf"": 20}",no_ids,,F3,7,323271,1.7,0.4089357010617446,0.8826866964093834,0.7523450721004006,299,1,3.597611830090698,7.098379418449561,0.5919444444444445,0.7667514067978177,0.4739034923815486,0.35570275902266785
rf,norm,"{""max_depth"": 16, ""min_samples_leaf"": 60}",no_item,0.07142857142857142,F3,7,323271,2.5,0.41440395288201026,0.8924080838324053,0.7670666264006323,299,1,3.6457187754794855,7.228979923968101,0.5961111111111111,0.7843227634748294,0.47970091493318595,0.35992261471960973
rf,norm,"{""max_depth"": 16, ""min_samples_leaf"": 60}",no_ids,0.07142857142857142,F3,7,323271,2.1,0.41360065776200566,0.8912983360219785,0.768432549108755,299,1,3.638651786661245,7.222301282563437,0.595,0.7833592468131395,0.4790421788503766,0.3590918326838209
xgb,raw,"{""max_depth"": 3, ""min_child_weight"": 30}",no_item,,F3,7,323271,5.6,0.42010774994396344,0.9192232424819884,0.782453735669454,299,1,3.695897930132018,7.176549326764195,0.5963888888888889,0.8188045056242692,0.4841023860475741,0.36327429651387005
xgb,raw,"{""max_depth"": 3, ""min_child_weight"": 30}",no_ids,,F3,7,323271,6.4,0.41651421415072215,0.9148008014931733,0.7864655921314678,299,1,3.664283798990978,7.080572357298321,0.5963888888888889,0.8171981326265678,0.48233080567337394,0.3589532742649906
xgb,norm,"{""max_depth"": 3, ""min_child_weight"": 30}",no_item,0.07142857142857142,F3,7,323271,2.3,0.43875107101633276,0.9384082473269377,0.8177021000687343,299,1,3.8599125472661875,7.712774139346705,0.6144444444444445,0.8048827343671557,0.5068680532593565,0.38379644774876115
xgb,norm,"{""max_depth"": 3, ""min_child_weight"": 30}",no_ids,0.07142857142857142,F3,7,323271,1.7,0.4435000786959401,0.9433366420422898,0.8166708675907242,299,1,3.901691942327533,7.825440097310443,0.6263888888888889,0.8033512988771572,0.5113888690695696,0.3892102222404462
lr,raw,{},no_sum364,,F3,10,322371,3.3,0.39589013441142096,0.9079618251673532,0.7752446328063297,299,1,4.84536533675045,9.665838581593448,0.5011111111111111,0.6980457620528044,0.443557830542694,0.35380278577722396
lr,norm,{},no_sum364,0.07142857142857142,F3,10,322371,4.0,0.5152055627405391,1.0723781010538949,0.8643078450864233,299,1,6.305686749975248,14.023906462517111,0.5863888888888888,0.7050934468929784,0.525709192484239,0.49450564094344507
rf,raw,"{""max_depth"": 10, ""min_samples_leaf"": 20}",no_sum364,,F3,10,322371,2.3,0.3806410061552511,0.8773514190502686,0.7512768420884356,299,1,4.658728714501811,9.554125947939063,0.6038888888888889,0.7319876077537893,0.4173980590791222,0.33722034801289835
rf,norm,"{""max_depth"": 16, ""min_samples_leaf"": 60}",no_sum364,0.07142857142857142,F3,10,322371,2.6,0.3840371605311132,0.88769434260909,0.7523502009417278,299,1,4.700294813933716,9.77637266595981,0.5983333333333334,0.7603083376033392,0.4227127023982084,0.33773989880186406
xgb,raw,"{""max_depth"": 3, ""min_child_weight"": 30}",no_sum364,,F3,10,322371,6.6,0.38414192724042845,0.8846891970481298,0.7608188409474677,299,1,4.701577071150144,9.645092717143417,0.5752777777777778,0.7271627965163147,0.4268162415780158,0.33974380129628123
xgb,norm,"{""max_depth"": 3, ""min_child_weight"": 30}",no_sum364,0.07142857142857142,F3,10,322371,1.6,0.4397801925380079,0.9841193231045816,0.8336727900621164,299,1,5.382543073171435,11.207196462158429,0.6666666666666666,0.7824039755268885,0.4820351537000134,0.3955428083598337
rf,raw,"{""max_depth"": 10, ""min_samples_leaf"": 20}",no_item,,F3,10,322371,2.0,0.3804852726869937,0.8725278921438631,0.7380174044832154,299,1,4.656822666628231,9.569131620394163,0.6055555555555555,0.7122132673399152,0.41858543195370956,0.3384855365152396
rf,raw,"{""max_depth"": 10, ""min_samples_leaf"": 20}",no_ids,,F3,10,322371,1.6,0.3816118466878036,0.8734271725601878,0.7394072748184871,299,1,4.670610993586477,9.608043409776009,0.6091666666666666,0.7127414871181661,0.41869852605676805,0.33996710641035477
rf,norm,"{""max_depth"": 16, ""min_samples_leaf"": 60}",no_item,0.07142857142857142,F3,10,322371,2.6,0.38371177028930736,0.8771019047887083,0.750804462778629,299,1,4.696312308532548,9.780212355220371,0.6002777777777778,0.7257956331614219,0.42406654473020294,0.34008604863024655
rf,norm,"{""max_depth"": 16, ""min_samples_leaf"": 60}",no_ids,0.07142857142857142,F3,10,322371,2.0,0.38474100279304047,0.8806293268211058,0.7516210990350992,299,1,4.708909256684488,9.83877588188973,0.5988888888888889,0.7280896268268837,0.4247312327499894,0.3411058331119015
xgb,raw,"{""max_depth"": 3, ""min_child_weight"": 30}",no_item,,F3,10,322371,8.1,0.38451571594716166,0.8820537975474387,0.752954621452106,299,1,4.70615193342997,9.6550835070229,0.5722222222222222,0.7175422669754106,0.4263561578552271,0.34129014891248377
xgb,raw,"{""max_depth"": 3, ""min_child_weight"": 30}",no_ids,,F3,10,322371,7.7,0.3827991877491406,0.8839004304162766,0.7615468132092104,299,1,4.685143058726357,9.579999864482511,0.5722222222222222,0.722995140122054,0.4260467752145559,0.3384933837243825
xgb,norm,"{""max_depth"": 3, ""min_child_weight"": 30}",no_item,0.07142857142857142,F3,10,322371,2.1,0.4121149344776457,0.9361949220910823,0.8179546588074248,299,1,5.043943368894318,10.49561294729978,0.6233333333333333,0.7634610236422037,0.4513523261004212,0.3679612176294078
xgb,norm,"{""max_depth"": 3, ""min_child_weight"": 30}",no_ids,0.07142857142857142,F3,10,322371,2.0,0.40974912073385933,0.9311986246797552,0.8086315831083409,299,1,5.014987780181826,10.454711334144042,0.6222222222222222,0.7606148222422893,0.4495018410933237,0.36548760342618025
lr,raw,{},no_sum364,,F3,14,321171,4.0,0.3582669846784003,0.9485115852954185,0.827369727254592,299,1,6.3503818220315,12.393214512296478,0.5275,0.6241592986016256,0.3912256774534774,0.3232230165218822
lr,norm,{},no_sum364,0.07142857142857142,F3,14,321171,3.5,0.5395590785686637,1.235699491316714,0.9683307546414844,299,1,9.563834545151389,21.315597081164032,0.5705555555555556,0.6317358541249377,0.5078155175604488,0.540222413944594
rf,raw,"{""max_depth"": 10, ""min_samples_leaf"": 20}",no_sum364,,F3,14,321171,2.0,0.34273989809396643,0.9020335174693451,0.762699061670513,299,1,6.075159899242803,12.34736614981012,0.5725,0.6341798263087374,0.36686209912439943,0.3078911998579552
rf,norm,"{""max_depth"": 16, ""min_samples_leaf"": 60}",no_sum364,0.07142857142857142,F3,14,321171,2.9,0.34632900083699525,0.9245496096583813,0.7874646620377599,299,1,6.138777742335973,12.412335785931308,0.5763888888888888,0.6671223062758433,0.3790484745423787,0.3061399082440627
xgb,raw,"{""max_depth"": 3, ""min_child_weight"": 30}",no_sum364,,F3,14,321171,4.7,0.3475054684035172,0.9412950146075052,0.8130402054734287,299,1,6.159630956749122,12.29005995157803,0.5736111111111111,0.6771853166889772,0.3812272239241267,0.3061746067192475
xgb,norm,"{""max_depth"": 3, ""min_child_weight"": 30}",no_sum364,0.07142857142857142,F3,14,321171,1.9,0.37244346609199264,0.9815444814431007,0.8657126874073148,299,1,6.601663892998928,13.395561553441123,0.6208333333333333,0.6824390016917752,0.4086037291618573,0.33225909048860097
rf,raw,"{""max_depth"": 10, ""min_samples_leaf"": 20}",no_item,,F3,14,321171,2.1,0.3425037561687608,0.8960573651676256,0.7604057256740416,299,1,6.070974218023554,12.312096939712148,0.5675,0.6138534228385866,0.3684551030887182,0.3090209624688476
rf,raw,"{""max_depth"": 10, ""min_samples_leaf"": 20}",no_ids,,F3,14,321171,1.7,0.3435838609812783,0.8986922865693552,0.7538810309642897,299,1,6.090119375854542,12.360344268147108,0.5694444444444444,0.6142176184669461,0.36917618090876675,0.3102756393606863
rf,norm,"{""max_depth"": 16, ""min_samples_leaf"": 60}",no_item,0.07142857142857142,F3,14,321171,2.7,0.3473904864795615,0.9122993087960061,0.7741186399206617,299,1,6.157592870207583,12.619537738649765,0.5722222222222222,0.6279058421213038,0.3784858946807427,0.31151018398940045
rf,norm,"{""max_depth"": 16, ""min_samples_leaf"": 60}",no_ids,0.07142857142857142,F3,14,321171,2.1,0.3483731490477016,0.915751438984698,0.784707451226865,299,1,6.175010837189691,12.614874738277551,0.5727777777777778,0.6333116284685621,0.37885197154681804,0.31225560075545883
xgb,raw,"{""max_depth"": 3, ""min_child_weight"": 30}",no_item,,F3,14,321171,4.9,0.34829047360196946,0.9383278220002371,0.8104196381643802,299,1,6.173545391948687,12.347841533702924,0.5705555555555556,0.6622683267332306,0.38129175006313887,0.3086652795466801
xgb,raw,"{""max_depth"": 3, ""min_child_weight"": 30}",no_ids,,F3,14,321171,5.1,0.347787545739533,0.9354123489135544,0.819599678033239,299,1,6.164630855884817,12.309906828687307,0.5708333333333333,0.6613348450980349,0.3820209139684931,0.3078375920338731
xgb,norm,"{""max_depth"": 3, ""min_child_weight"": 30}",no_item,0.07142857142857142,F3,14,321171,2.8,0.3639806500439428,0.9537086572777469,0.8306474535630711,299,1,6.45165812776501,13.033542330646325,0.5855555555555556,0.648850145442277,0.3986238648418141,0.32663372660759277
xgb,norm,"{""max_depth"": 3, ""min_child_weight"": 30}",no_ids,0.07142857142857142,F3,14,321171,1.9,0.3710798140704821,0.9742877556142305,0.8534160254023129,299,1,6.577492782125426,13.321907686747817,0.6111111111111112,0.6733451820685079,0.4036060884884296,0.3327083920018114
lr,raw,{},no_sum364,,F4,7,348471,4.1,0.4082356273397978,1.2796999606156632,0.8020255138807686,300,0,3.7418197209253634,7.281924100293322,0.5511111111111111,0.6257111329198315,0.45006452788659224,0.3697321571853443
lr,norm,{},no_sum364,0.07142857142857142,F4,7,348471,4.5,0.492842536413001,1.376064203092699,0.8483471005231396,300,0,4.517312548338832,10.999484889598714,0.5847222222222223,0.6399691706350518,0.5088281988599359,0.47060770651120215
rf,raw,"{""max_depth"": 10, ""min_samples_leaf"": 20}",no_sum364,,F4,7,348471,2.4,0.38918775279540824,1.305391189701033,0.7821490240480081,300,0,3.567230077497246,7.266213064828553,0.5638888888888889,0.6135305022178666,0.436382300235984,0.34821564805261584
rf,norm,"{""max_depth"": 16, ""min_samples_leaf"": 60}",no_sum364,0.07142857142857142,F4,7,348471,2.8,0.39793094482286884,1.2748464294402235,0.7912209169962265,300,0,3.6473687184222787,7.398469388161816,0.5763888888888888,0.6282239312559286,0.4438697626185874,0.35664878109504317
xgb,raw,"{""max_depth"": 3, ""min_child_weight"": 30}",no_sum364,,F4,7,348471,3.7,0.4008246954886896,1.317492679272924,0.831984900898044,300,0,3.673892354733414,7.298024837078159,0.5747222222222222,0.6737449688175816,0.44121315316637205,0.3562540550132936
xgb,norm,"{""max_depth"": 3, ""min_child_weight"": 30}",no_sum364,0.07142857142857142,F4,7,348471,4.7,0.4113864399317491,1.3058124759825633,0.8076067161526439,300,0,3.770699544007757,7.563016365794895,0.5844444444444444,0.6570444561442286,0.4499479133651076,0.3705842823500287
rf,raw,"{""max_depth"": 10, ""min_samples_leaf"": 20}",no_item,,F4,7,348471,2.2,0.39035027847522213,1.3112588732040955,0.7876186474439932,300,0,3.5778855941241403,7.26938652536832,0.5627777777777778,0.6120871032162462,0.43653242587463914,0.34999787477609384
rf,raw,"{""max_depth"": 10, ""min_samples_leaf"": 20}",no_ids,,F4,7,348471,1.5,0.3889652150354046,1.3134561009429808,0.780221644424425,300,0,3.565190333478679,7.289071797517103,0.5611111111111111,0.6094319729248597,0.43384723918762275,0.3491647007887871
rf,norm,"{""max_depth"": 16, ""min_samples_leaf"": 60}",no_item,0.07142857142857142,F4,7,348471,2.7,0.3966918132677103,1.2778735910278962,0.7797212019730084,300,0,3.6360110451096217,7.382710254423834,0.5713888888888888,0.6189978543722592,0.43993911946261954,0.35718155516642575
rf,norm,"{""max_depth"": 16, ""min_samples_leaf"": 60}",no_ids,0.07142857142857142,F4,7,348471,2.1,0.3975922068798909,1.278036303193153,0.7858965295753318,300,0,3.644263902893267,7.354485491157834,0.5688888888888889,0.6211825909152894,0.44012101050277797,0.3581536149342319
xgb,raw,"{""max_depth"": 3, ""min_child_weight"": 30}",no_item,,F4,7,348471,4.1,0.40329331311145744,1.3358456043120444,0.8413167742688544,300,0,3.6965192924274337,7.3822974011818285,0.5905555555555555,0.6813333950969713,0.44140134305864753,0.3588275490489798
xgb,raw,"{""max_depth"": 3, ""min_child_weight"": 30}",no_ids,,F4,7,348471,3.7,0.40067354092385676,1.3404047427900023,0.8299652698982073,300,0,3.672506897184584,7.309978714536375,0.5772222222222222,0.6712371162269182,0.4395149708077189,0.3568589150622023
xgb,norm,"{""max_depth"": 3, ""min_child_weight"": 30}",no_item,0.07142857142857142,F4,7,348471,4.9,0.4147974693472425,1.3146271950975879,0.8123565181976817,300,0,3.8019644711252667,7.640071225061641,0.5794444444444444,0.6369711880280153,0.4480814409165547,0.37838871760222414
xgb,norm,"{""max_depth"": 3, ""min_child_weight"": 30}",no_ids,0.07142857142857142,F4,7,348471,4.0,0.41352221522650695,1.3210933416067179,0.7990407002804613,300,0,3.790275704396958,7.643074538825173,0.5797222222222222,0.6390237406603673,0.4471635412986395,0.37661184848425333
lr,raw,{},no_sum364,,F4,10,347571,4.1,0.38890183255038746,1.4358131170354838,0.8201337328623798,300,0,4.920256351483319,10.04270304964573,0.4988888888888889,0.5792804494451266,0.4158906407144119,0.3579602173409966
lr,norm,{},no_sum364,0.07142857142857142,F4,10,347571,3.8,0.5184929805520959,1.6910059184745572,0.8415659807543274,300,0,6.5598003589516,17.086057695892922,0.565,0.565274098024715,0.507837981500009,0.5162018814232567
rf,raw,"{""max_depth"": 10, ""min_samples_leaf"": 20}",no_sum364,,F4,10,347571,2.1,0.368540917364151,1.448257024327055,0.7467869676066896,300,0,4.662656839518784,10.029972677630724,0.5816666666666667,0.5366950294977545,0.4056240796457414,0.33714132622414955
rf,norm,"{""max_depth"": 16, ""min_samples_leaf"": 60}",no_sum364,0.07142857142857142,F4,10,347571,2.8,0.3757153015004778,1.4098257475742904,0.7725590654958009,300,0,4.753424756150212,10.177166907820618,0.5813888888888888,0.5465917427224669,0.4106670480650825,0.3446468137056259
xgb,raw,"{""max_depth"": 3, ""min_child_weight"": 30}",no_sum364,,F4,10,347571,4.8,0.3802556971384384,1.4553001447894531,0.7930832488106203,300,0,4.810868328296476,10.32039928417522,0.5844444444444444,0.5814243552401744,0.4082171289512388,0.347731576686647
xgb,norm,"{""max_depth"": 3, ""min_child_weight"": 30}",no_sum364,0.07142857142857142,F4,10,347571,9.1,0.390762070876123,1.4916351650328665,0.7676304875800212,300,0,4.943791466701083,10.43369175960104,0.585,0.5711481063854575,0.41850883456535476,0.3607763020722653
rf,raw,"{""max_depth"": 10, ""min_samples_leaf"": 20}",no_item,,F4,10,347571,2.1,0.3681547896285784,1.44766997623428,0.7457735360507982,300,0,4.657771680117564,9.959321760642084,0.5802777777777778,0.531158000737869,0.4043616619304626,0.3376372460417248
rf,raw,"{""max_depth"": 10, ""min_samples_leaf"": 20}",no_ids,,F4,10,347571,1.8,0.3683840048698271,1.480380299267598,0.7386741390352907,300,0,4.660671634944762,9.994684927152138,0.5794444444444444,0.5310964386531899,0.4026074909503117,0.3385105281725518
rf,norm,"{""max_depth"": 16, ""min_samples_leaf"": 60}",no_item,0.07142857142857142,F4,10,347571,2.5,0.3738711203800103,1.4410117941458118,0.7612765129988696,300,0,4.7300927913410975,10.00974875102201,0.5788888888888889,0.5384588653671877,0.4073531085471788,0.34400240386811964
rf,norm,"{""max_depth"": 16, ""min_samples_leaf"": 60}",no_ids,0.07142857142857142,F4,10,347571,2.2,0.3738668905814648,1.4259420951485395,0.7675137601595637,300,0,4.730039277339832,10.040385384819837,0.5763888888888888,0.5384630053752976,0.4048204804475489,0.3447741299671459
xgb,raw,"{""max_depth"": 3, ""min_child_weight"": 30}",no_item,,F4,10,347571,5.9,0.37950126966332715,1.4723397189943197,0.7801563077185488,300,0,4.801323563357195,10.327727297682255,0.5716666666666667,0.5729896165597247,0.4067654473742955,0.3481050898632036
xgb,raw,"{""max_depth"": 3, ""min_child_weight"": 30}",no_ids,,F4,10,347571,6.2,0.379045796008029,1.4628984328230061,0.7699592341869561,300,0,4.795561062494913,10.316266727490726,0.5697222222222222,0.5710711527981549,0.4070556967202329,0.34759450628126304
xgb,norm,"{""max_depth"": 3, ""min_child_weight"": 30}",no_item,0.07142857142857142,F4,10,347571,19.0,0.3816324070250791,1.441280047696377,0.7582756303181203,300,0,4.82828600287896,10.051254179037304,0.5680555555555555,0.540347787966376,0.41186940484057194,0.35345944429697057
xgb,norm,"{""max_depth"": 3, ""min_child_weight"": 30}",no_ids,0.07142857142857142,F4,10,347571,8.6,0.39445010491000654,1.498388801232148,0.7743529667308046,300,0,4.9904512439531,10.629066090614371,0.5877777777777777,0.559482679488945,0.4174994072722922,0.36773433003349576
lr,raw,{},no_sum364,,F4,14,346371,4.0,0.36679752145503675,1.706449937567208,0.8404773478785565,300,0,6.71697961164536,14.277477289374156,0.5169444444444444,0.5081715669208287,0.3848673307768773,0.344306440705518
lr,norm,{},no_sum364,0.07142857142857142,F4,14,346371,3.6,0.5602441811966343,2.2124463892536026,0.9247242898161941,300,0,10.259471568163365,27.815852427938285,0.5377777777777778,0.5300013474797739,0.5264940213731178,0.5742991467699926
rf,raw,"{""max_depth"": 10, ""min_samples_leaf"": 20}",no_sum364,,F4,14,346371,2.2,0.34766490936241284,1.7741479673737663,0.7750235315817504,300,0,6.366613652699185,14.495822214103415,0.5497222222222222,0.4821449778206862,0.37210705457399557,0.32402699892133763
rf,norm,"{""max_depth"": 16, ""min_samples_leaf"": 60}",no_sum364,0.07142857142857142,F4,14,346371,2.7,0.3561302247492921,1.7742887369576095,0.7890984413170994,300,0,6.521634740721412,14.58789515485735,0.5575,0.4920469027023355,0.3721554890585569,0.33492399685587443
xgb,raw,"{""max_depth"": 3, ""min_child_weight"": 30}",no_sum364,,F4,14,346371,7.8,0.35690309841387824,1.8343015386740418,0.8178565700177679,300,0,6.535787989704145,14.755322785124866,0.5619444444444445,0.5303451735269686,0.375304425132775,0.33047560220838207
xgb,norm,"{""max_depth"": 3, ""min_child_weight"": 30}",no_sum364,0.07142857142857142,F4,14,346371,18.3,0.3750337230498662,1.784884057032111,0.8353963924578935,300,0,6.867805053350675,14.576919355768073,0.5538888888888889,0.5086710110766888,0.3905074408088518,0.35427060573020697
rf,raw,"{""max_depth"": 10, ""min_samples_leaf"": 20}",no_item,,F4,14,346371,2.0,0.3471546603929347,1.8079573710418444,0.776135641944206,300,0,6.357269718445616,14.443847584847001,0.5469444444444445,0.4751714189142249,0.3680427485791435,0.32538877659847404
rf,raw,"{""max_depth"": 10, ""min_samples_leaf"": 20}",no_ids,,F4,14,346371,1.7,0.34737280903122336,1.8078973450094418,0.7801813233834447,300,0,6.361264565384278,14.428070813391875,0.5466666666666666,0.4764782467001117,0.3684143018983182,0.32542931909043915
rf,norm,"{""max_depth"": 16, ""min_samples_leaf"": 60}",no_item,0.07142857142857142,F4,14,346371,2.8,0.3542326750866492,1.8454980184316128,0.7920296802547651,300,0,6.486885862524264,14.235675007380214,0.5508333333333333,0.4854234306243372,0.37000735070079627,0.3336689618083237
rf,norm,"{""max_depth"": 16, ""min_samples_leaf"": 60}",no_ids,0.07142857142857142,F4,14,346371,2.2,0.3541264397693401,1.8277991412472503,0.7826129503423667,300,0,6.48494042827604,14.271084905528948,0.5502777777777778,0.48629882664987406,0.3703505823607745,0.33330634299541434
xgb,raw,"{""max_depth"": 3, ""min_child_weight"": 30}",no_item,,F4,14,346371,6.2,0.35578650229167974,1.8849899317347398,0.8153984852001286,300,0,6.515340323216385,14.657495649304723,0.5583333333333333,0.5216424891575252,0.37357715526732105,0.3304548443921743
xgb,raw,"{""max_depth"": 3, ""min_child_weight"": 30}",no_ids,,F4,14,346371,6.6,0.3557755702293231,1.857637740266108,0.8025748377893802,300,0,6.51514012982448,14.90751746571161,0.5544444444444444,0.5182295513810067,0.37158179977297506,0.33146444140167247
xgb,norm,"{""max_depth"": 3, ""min_child_weight"": 30}",no_item,0.07142857142857142,F4,14,346371,14.6,0.3696436603468551,1.9763677538682487,0.8148511963412908,300,0,6.769099530101784,14.691241528650986,0.5533333333333333,0.4952662291986204,0.38057735096609174,0.351243019040048
xgb,norm,"{""max_depth"": 3, ""min_child_weight"": 30}",no_ids,0.07142857142857142,F4,14,346371,12.4,0.36534570111596226,1.935057048950562,0.8132158691555271,300,0,6.690393151686059,14.650007132636814,0.5488888888888889,0.5040317017410463,0.3809801409728554,0.34392927494565395
lr,raw,{},no_futprice,,F1,7,266571,3.3,0.3922954424475353,0.8665603995162906,0.7890137669306803,298,2,3.6172908922349816,6.41982503329193,0.5969444444444445,0.7166857823426042,0.46446001816369065,0.34161897369759925
lr,norm,{},no_futprice,0.07142857142857142,F1,7,266571,3.0,0.4936404730780366,1.0120038535428464,0.8284698522054684,298,2,4.551776528840396,8.95730914054919,0.6202777777777778,0.7337044591701978,0.5258808447076647,0.46216703372575246
rf,raw,"{""max_depth"": 10, ""min_samples_leaf"": 20}",no_futprice,,F1,7,266571,1.7,0.3745881300515822,0.8218681910674125,0.7399212907117492,298,2,3.454014715850631,6.271255633071303,0.6047222222222223,0.6924598649093843,0.4417699084003232,0.32593639943555075
rf,norm,"{""max_depth"": 16, ""min_samples_leaf"": 60}",no_futprice,0.07142857142857142,F1,7,266571,2.1,0.3899517897504092,0.8424477336490054,0.7630424762876,298,2,3.5956804613235644,6.5549085829310005,0.6152777777777778,0.6969299378711614,0.44832306089352986,0.3448214451636862
xgb,raw,"{""max_depth"": 3, ""min_child_weight"": 30}",no_futprice,,F1,7,266571,3.4,0.38832410878042695,0.8713814208761264,0.7824088889581755,298,2,3.58067188637952,6.421954819870299,0.6158333333333333,0.761716535782036,0.45315982715285325,0.335185932051327
xgb,norm,"{""max_depth"": 3, ""min_child_weight"": 30}",no_futprice,0.07142857142857142,F1,7,266571,3.1,0.41179613601210147,0.8721123934993328,0.7837043177915199,298,2,3.7971035374782525,7.1905500783854714,0.6183333333333333,0.7108504958405905,0.4595667541178795,0.3704214317033777
lr,raw,{},no_futprice,,F1,10,265671,3.0,0.3618352862867816,0.8541499311737801,0.7748308258830859,298,2,4.6041529983958025,8.520900854634291,0.55,0.6729843942292012,0.42342891761758783,0.3160231954786324
lr,norm,{},no_futprice,0.07142857142857142,F1,10,265671,2.9,0.5217469225180532,1.0793762928773736,0.8569427796602687,298,2,6.638939729640828,13.301083857478345,0.6202777777777778,0.6960448764954824,0.5241315115402944,0.5051373570540207
rf,raw,"{""max_depth"": 10, ""min_samples_leaf"": 20}",no_futprice,,F1,10,265671,1.7,0.3527389398448788,0.8242655254947403,0.7374480549414633,298,2,4.488407043448391,8.343813826822439,0.6313888888888889,0.6624972496283777,0.40894150567680493,0.30857359121820177
rf,norm,"{""max_depth"": 16, ""min_samples_leaf"": 60}",no_futprice,0.07142857142857142,F1,10,265671,2.1,0.37048975190757677,0.8468242180280865,0.7421481832844343,298,2,4.714276265383966,8.782944405460722,0.6327777777777778,0.6657035398942324,0.4152923749877052,0.3308676055003737
xgb,raw,"{""max_depth"": 3, ""min_child_weight"": 30}",no_futprice,,F1,10,265671,5.3,0.3542378208230123,0.8300838075303079,0.7497713602087198,298,2,4.507479471183485,8.44384068874313,0.5975,0.6672634837666496,0.406595212865246,0.31085754525162557
xgb,norm,"{""max_depth"": 3, ""min_child_weight"": 30}",no_futprice,0.07142857142857142,F1,10,265671,4.2,0.39793910985746045,0.8870050996138807,0.7778218414882269,298,2,5.06355409565293,10.502787879722083,0.6283333333333333,0.6793888105589514,0.42865954087514885,0.36354484557014005
lr,raw,{},no_futprice,,F1,14,264471,3.0,0.33589325260900077,0.9113574494325156,0.8082069406451783,298,2,6.152724654665372,11.224222700038432,0.5686111111111111,0.5975830479711408,0.39210632120901445,0.295423055334921
lr,norm,{},no_futprice,0.07142857142857142,F1,14,264471,2.9,0.5528533128123314,1.2292568628600806,0.9315682983345008,298,2,10.12689055743988,20.557506577833514,0.6083333333333333,0.6163070910699414,0.5162119147976699,0.5573386017710239
rf,raw,"{""max_depth"": 10, ""min_samples_leaf"": 20}",no_futprice,,F1,14,264471,1.9,0.32323431519472295,0.8561095907891979,0.7767857748205433,298,2,5.920844568579337,10.954308970378579,0.6072222222222222,0.5598961768359496,0.3713830392178066,0.2873992418012225
rf,norm,"{""max_depth"": 16, ""min_samples_leaf"": 60}",no_futprice,0.07142857142857142,F1,14,264471,2.2,0.33482470570369477,0.876021029845602,0.7875386379101669,298,2,6.133151546727429,11.289237637647801,0.6194444444444445,0.5623274741562128,0.37838485076156736,0.30115158839631573
xgb,raw,"{""max_depth"": 3, ""min_child_weight"": 30}",no_futprice,,F1,14,264471,2.0,0.3471930143536434,1.015307546487715,0.9034161526083171,298,2,6.359708040422864,11.3197726346043,0.6477777777777778,0.76663860530227,0.3949031842971442,0.294382628108152
xgb,norm,"{""max_depth"": 3, ""min_child_weight"": 30}",no_futprice,0.07142857142857142,F1,14,264471,4.1,0.39205388308918104,0.9553402301450615,0.8033147227371548,298,2,7.181447003486073,20.49840586883009,0.6194444444444445,0.5805744773067637,0.39473770557670007,0.3736537951529206
lr,raw,{},no_futprice,,F2,7,291771,3.2,0.42559749247900014,0.9117559772371335,0.7775721225359236,298,2,3.9118320635104546,9.637685290341116,0.5952777777777778,0.7561947806342937,0.5245258900695825,0.3697693230891773
lr,norm,{},no_futprice,0.07142857142857142,F2,7,291771,3.1,0.5095920176295321,1.008263265889942,0.8181566313075852,298,2,4.683858408706553,11.18687755353524,0.64,0.7705817757372954,0.5533228318798398,0.47447587428431354
rf,raw,"{""max_depth"": 10, ""min_samples_leaf"": 20}",no_futprice,,F2,7,291771,1.8,0.41492499699670204,0.9015189772984944,0.7475996621699121,298,2,3.813737007117743,9.484907893145591,0.6241666666666666,0.7709109689268884,0.5161572182630432,0.35618907446085324
rf,norm,"{""max_depth"": 16, ""min_samples_leaf"": 60}",no_futprice,0.07142857142857142,F2,7,291771,2.2,0.4221157783886331,0.9078946126380801,0.7553595415738474,298,2,3.879830275305967,10.022380855344503,0.6255555555555555,0.7724526058833846,0.519649048733347,0.3648573035593458
xgb,raw,"{""max_depth"": 3, ""min_child_weight"": 30}",no_futprice,,F2,7,291771,4.2,0.41887632094868765,0.9244710724910088,0.7747736923746004,298,2,3.850055162186424,9.663918049531015,0.6061111111111112,0.7977239894532085,0.5217797542357216,0.35762717377607306
xgb,norm,"{""max_depth"": 3, ""min_child_weight"": 30}",no_futprice,0.07142857142857142,F2,7,291771,2.3,0.43975176702367264,0.9352387902666665,0.7673303821019035,298,2,4.04192950529064,10.488988232268552,0.6311111111111111,0.7788419720896237,0.5380369281630205,0.3833194131658153
lr,raw,{},no_futprice,,F2,10,290871,3.3,0.38957969314217206,0.8828234265651385,0.7632057017801749,298,2,4.979044911519815,11.540900732654482,0.5477777777777778,0.6864686167097249,0.4651013872633212,0.3431958773514792
lr,norm,{},no_futprice,0.07142857142857142,F2,10,290871,2.7,0.5165736829253422,1.042458411647698,0.8298590388132079,298,2,6.602098653165276,15.33891488403124,0.6211111111111111,0.6938903843906907,0.5224594785448681,0.4990807315990892
rf,raw,"{""max_depth"": 10, ""min_samples_leaf"": 20}",no_futprice,,F2,10,290871,1.5,0.3808950107076723,0.8810549658174406,0.718356966698372,298,2,4.868049845183334,11.378133984815893,0.6427777777777778,0.7106868319147575,0.4643180075750508,0.32949262471712903
rf,norm,"{""max_depth"": 16, ""min_samples_leaf"": 60}",no_futprice,0.07142857142857142,F2,10,290871,1.8,0.3887772675975491,0.8855707858137349,0.7126875393312624,298,2,4.968789467267565,11.95911018673772,0.6352777777777778,0.7048225934355951,0.4674140916830094,0.3398581925532818
xgb,raw,"{""max_depth"": 3, ""min_child_weight"": 30}",no_futprice,,F2,10,290871,4.1,0.38008031387208363,0.8873487508860884,0.7468682026386715,298,2,4.857637567015158,11.664925565059598,0.6072222222222222,0.7121606508411411,0.46241502877757407,0.3287552378677459
xgb,norm,"{""max_depth"": 3, ""min_child_weight"": 30}",no_futprice,0.07142857142857142,F2,10,290871,2.7,0.4110413425211087,0.9211493932877026,0.7447216640261822,298,2,5.253336713721169,13.05928480456692,0.6477777777777778,0.7130826732152925,0.48924366336850283,0.3634959151400314
lr,raw,{},no_futprice,,F2,14,289671,2.4,0.3718441676109705,0.9571390594353748,0.8162228938891007,298,2,6.835528701155224,16.425971555820222,0.5555555555555556,0.6364963820248203,0.43207581829049957,0.33208313506925824
lr,norm,{},no_futprice,0.07142857142857142,F2,14,289671,2.3,0.5584166935674119,1.198850853690267,0.9208698642072285,298,2,10.265249985251161,24.076329035553343,0.5963888888888889,0.6236868873584163,0.511019284907774,0.5648852668413732
rf,raw,"{""max_depth"": 10, ""min_samples_leaf"": 20}",no_futprice,,F2,14,289671,1.5,0.3530818165337377,0.9127201992003254,0.7659814472125019,298,2,6.490624570713804,16.098507380426966,0.6127777777777778,0.6202996534378147,0.41137431099240745,0.3135949365474338
rf,norm,"{""max_depth"": 16, ""min_samples_leaf"": 60}",no_futprice,0.07142857142857142,F2,14,289671,1.9,0.3648232607285502,0.9254260487232396,0.7600621146442754,298,2,6.706464930137221,16.811410435682834,0.6113888888888889,0.6163341682948626,0.4197461048132057,0.32764256254365465
xgb,raw,"{""max_depth"": 3, ""min_child_weight"": 30}",no_futprice,,F2,14,289671,3.1,0.36059661664017134,0.9514942700160224,0.8110554742202477,298,2,6.628767471114794,16.26106248915183,0.6061111111111112,0.6617779661422107,0.4222545020605447,0.3171480649444451
xgb,norm,"{""max_depth"": 3, ""min_child_weight"": 30}",no_futprice,0.07142857142857142,F2,14,289671,2.4,0.3935215833304649,0.985024624309397,0.7704171917045932,298,2,7.234019817123196,21.429098471436383,0.6127777777777778,0.6283386875661926,0.4514984072773479,0.3570572741009435
lr,raw,{},no_futprice,,F3,7,323271,2.6,0.42820302532978033,0.9143440636291905,0.7882620384350539,299,1,3.7671161153387422,7.156976514038573,0.5705555555555556,0.7569800661903394,0.49542643281914484,0.3770652442498258
lr,norm,{},no_futprice,0.07142857142857142,F3,7,323271,2.7,0.5027421418986161,1.0110917174221337,0.8572580909513855,299,1,4.422873993353075,9.390381827828147,0.6033333333333334,0.7744442293731008,0.5471604201812865,0.4637728720035433
rf,raw,"{""max_depth"": 10, ""min_samples_leaf"": 20}",no_futprice,,F3,7,323271,1.5,0.4097593328223235,0.883864037907237,0.7497070845238683,299,1,3.6048577305043907,7.091967576316261,0.5925,0.7665444358257543,0.47494720035639015,0.3565593648993749
rf,norm,"{""max_depth"": 16, ""min_samples_leaf"": 60}",no_futprice,0.07142857142857142,F3,7,323271,2.0,0.41443798155564937,0.8933105522805781,0.7578106757322393,299,1,3.646018142735825,7.202730668917609,0.5938888888888889,0.7808532795162834,0.4813830014622678,0.35980276313226395
xgb,raw,"{""max_depth"": 3, ""min_child_weight"": 30}",no_futprice,,F3,7,323271,5.0,0.4196811686826156,0.9157917612241117,0.7844748288791675,299,1,3.6921450814853114,7.139587111230159,0.5980555555555556,0.8120110514724244,0.4851017433437687,0.36303181353345665
xgb,norm,"{""max_depth"": 3, ""min_child_weight"": 30}",no_futprice,0.07142857142857142,F3,7,323271,1.7,0.4393696892961879,0.9389226010197369,0.8167613488061357,299,1,3.865354841583213,7.720847831856274,0.6147222222222222,0.8040668746308398,0.5062563956535792,0.38491511285259195
lr,raw,{},no_futprice,,F3,10,322371,3.0,0.39600045581336074,0.9082820344294669,0.7735733215088292,299,1,4.846715578775691,9.670740310655226,0.49944444444444447,0.6988913288081634,0.44325566542359557,0.35396689524650843
lr,norm,{},no_futprice,0.07142857142857142,F3,10,322371,2.7,0.5144732660316125,1.0704011725420282,0.8587425361969894,299,1,6.296724048505244,13.982369883101468,0.5897222222222223,0.7058389532409514,0.5259396755676862,0.4933518421070852
rf,raw,"{""max_depth"": 10, ""min_samples_leaf"": 20}",no_futprice,,F3,10,322371,1.5,0.3824542440644658,0.8738712147085137,0.7477076184773955,299,1,4.6809212354790075,9.62879293011687,0.6088888888888889,0.7118078999901435,0.41902291846941353,0.34112717526361414
rf,norm,"{""max_depth"": 16, ""min_samples_leaf"": 60}",no_futprice,0.07142857142857142,F3,10,322371,1.9,0.38346289332923494,0.8780425769263405,0.7465980971823771,299,1,4.693266261938728,9.76158509970968,0.6033333333333334,0.7233842403092138,0.4254008528699767,0.3395696175511759
xgb,raw,"{""max_depth"": 3, ""min_child_weight"": 30}",no_futprice,,F3,10,322371,3.9,0.3873547053646071,0.8960918959351185,0.771582670035397,299,1,4.740898798074987,9.759027643771601,0.5833333333333334,0.7361343681143482,0.42863366402055825,0.342835379005917
xgb,norm,"{""max_depth"": 3, ""min_child_weight"": 30}",no_futprice,0.07142857142857142,F3,10,322371,1.7,0.4148482201098682,0.9402400050182784,0.8191335483484188,299,1,5.077396507294695,10.543323131639676,0.6294444444444445,0.7627495479078688,0.4529440314059695,0.3713511152602308
lr,raw,{},no_futprice,,F3,14,321171,2.7,0.3584985250162121,0.9501356610040491,0.8177570047309761,299,1,6.354485938835976,12.399472006580952,0.525,0.6245179317638769,0.39094585744912186,0.3235942459155441
lr,norm,{},no_futprice,0.07142857142857142,F3,14,321171,2.6,0.5329854685006348,1.224057418280561,0.9674202542482532,299,1,9.44731548069278,20.85437261510799,0.5819444444444445,0.6322153109246786,0.5056932183457921,0.5316576124165703
rf,raw,"{""max_depth"": 10, ""min_samples_leaf"": 20}",no_futprice,,F3,14,321171,1.5,0.3430806437001295,0.8982686793776211,0.7536845121379089,299,1,6.081199709763601,12.370058230050532,0.5688888888888889,0.6115739394023185,0.3695145287119696,0.30972602257303905
rf,norm,"{""max_depth"": 16, ""min_samples_leaf"": 60}",no_futprice,0.07142857142857142,F3,14,321171,1.9,0.34911181880648856,0.916946279372393,0.7834217636202364,299,1,6.188103963850234,12.621362908975295,0.5705555555555556,0.6251342412779041,0.38235943567499486,0.3130196447745733
xgb,raw,"{""max_depth"": 3, ""min_child_weight"": 30}",no_futprice,,F3,14,321171,3.1,0.35019293944434493,0.9477383987404674,0.8159407013383961,299,1,6.207267127467526,12.391954571945005,0.5766666666666667,0.6757291560878,0.3831177456492653,0.3094922851578059
xgb,norm,"{""max_depth"": 3, ""min_child_weight"": 30}",no_futprice,0.07142857142857142,F3,14,321171,2.4,0.367591523065804,0.958656564550712,0.8249220771281687,299,1,6.515661855097783,13.143670823183257,0.5880555555555556,0.6464604684401234,0.39850433241529676,0.33192183795698615
lr,raw,{},no_futprice,,F4,7,348471,2.9,0.4084452452584452,1.2798588601545065,0.8085578166114338,300,0,3.743741043831366,7.302213746026854,0.55,0.6248456389534847,0.4496899738412108,0.37024900950338846
lr,norm,{},no_futprice,0.07142857142857142,F4,7,348471,2.9,0.49001387263599316,1.3735577189513213,0.844592801439773,300,0,4.491385487602741,10.842621049685107,0.5866666666666667,0.6400224388883865,0.5087112663401024,0.46660058101589685
rf,raw,"{""max_depth"": 10, ""min_samples_leaf"": 20}",no_futprice,,F4,7,348471,1.5,0.3903706691334864,1.3223625170732647,0.78325544914893,300,0,3.5780724914993476,7.281698549436237,0.5641666666666667,0.6129943699524925,0.43626433496886025,0.35000343243489074
rf,norm,"{""max_depth"": 16, ""min_samples_leaf"": 60}",no_futprice,0.07142857142857142,F4,7,348471,1.9,0.39709174001276015,1.2785535911982624,0.7956497621421756,300,0,3.639676707000291,7.352406257230481,0.5716666666666667,0.6188278047151442,0.44118804093335395,0.3573854786535886
xgb,raw,"{""max_depth"": 3, ""min_child_weight"": 30}",no_futprice,,F4,7,348471,2.9,0.40202728314779346,1.3384447019276802,0.8389829318389737,300,0,3.6849150727854836,7.337161084491153,0.5891666666666666,0.6810943411885375,0.4414765444435798,0.3570254540051556
xgb,norm,"{""max_depth"": 3, ""min_child_weight"": 30}",no_futprice,0.07142857142857142,F4,7,348471,5.8,0.4107024830018979,1.3152026680741586,0.7940991814694167,300,0,3.7644305087815626,7.47836640919666,0.5833333333333334,0.6330918114022311,0.4504071196285913,0.3722797183470944
lr,raw,{},no_futprice,,F4,10,347571,2.9,0.388654504675806,1.4364269902146265,0.8156127634408423,300,0,4.917127241656738,10.05772669337408,0.49833333333333335,0.5797509998927137,0.4150709319622586,0.35780337464853124
lr,norm,{},no_futprice,0.07142857142857142,F4,10,347571,2.9,0.5148002752549306,1.6854674763751427,0.8373543636099361,300,0,6.51308148243363,16.819911600926257,0.5708333333333333,0.5647058442146426,0.5085153038224635,0.5107946125815684
rf,raw,"{""max_depth"": 10, ""min_samples_leaf"": 20}",no_futprice,,F4,10,347571,1.6,0.3686034178266729,1.4451029896591,0.7403203338618314,300,0,4.663447574537123,9.962130879101514,0.5813888888888888,0.5335935982550712,0.4053286163772375,0.33769021970479096
rf,norm,"{""max_depth"": 16, ""min_samples_leaf"": 60}",no_futprice,0.07142857142857142,F4,10,347571,2.0,0.37486063768847677,1.432642707714921,0.7602605080732228,300,0,4.742611834488712,10.057920543005176,0.5783333333333334,0.536158118965155,0.40660321238646,0.34591784890907523
xgb,raw,"{""max_depth"": 3, ""min_child_weight"": 30}",no_futprice,,F4,10,347571,3.9,0.37788112834733933,1.4479378572922046,0.7724957493098794,300,0,4.780826075474422,10.261665019821619,0.5702777777777778,0.5689079332866303,0.4066695542701411,0.34630939741651884
xgb,norm,"{""max_depth"": 3, ""min_child_weight"": 30}",no_futprice,0.07142857142857142,F4,10,347571,4.5,0.3967731608277668,1.508695880590603,0.7679184608055156,300,0,5.0198417730726295,10.48353589318054,0.5947222222222223,0.5633479133999346,0.4178379542607284,0.37048374193319306
lr,raw,{},no_futprice,,F4,14,346371,2.9,0.3661874195424914,1.7112107102428964,0.8444202838988646,300,0,6.705807120371873,14.292749715399587,0.5141666666666667,0.5073803130530989,0.38283481533337305,0.3441579647343899
lr,norm,{},no_futprice,0.07142857142857142,F4,14,346371,2.9,0.5481097162048021,2.1822281372154095,0.9158377986319883,300,0,10.037259178000438,26.845948447966645,0.5491666666666667,0.5282723146749249,0.5262322237777023,0.5572483178187849
rf,raw,"{""max_depth"": 10, ""min_samples_leaf"": 20}",no_futprice,,F4,14,346371,1.6,0.3486958474713663,1.8091055196645773,0.7759838601283673,300,0,6.385492706819394,14.470317004283132,0.5505555555555556,0.478684570279914,0.3701368529941045,0.3265231831853776
rf,norm,"{""max_depth"": 16, ""min_samples_leaf"": 60}",no_futprice,0.07142857142857142,F4,14,346371,1.9,0.35710889522882716,1.8306031800587221,0.7947477531533526,300,0,6.539556643877897,14.326817260081233,0.5488888888888889,0.48738568410169825,0.3709748309512757,0.33724484528912835
xgb,raw,"{""max_depth"": 3, ""min_child_weight"": 30}",no_futprice,,F4,14,346371,5.0,0.35671794396799356,1.85175047995414,0.8046764297690386,300,0,6.532397348913881,14.867722818230757,0.5547222222222222,0.5163986241367954,0.3730442030863708,0.33257752445068733
xgb,norm,"{""max_depth"": 3, ""min_child_weight"": 30}",no_futprice,0.07142857142857142,F4,14,346371,2.2,0.38246816419730084,1.885865783702449,0.842277257407616,300,0,7.0039482568630715,15.275322906102328,0.5822222222222222,0.519044311715685,0.3860988469227142,0.3650168766927323
